name,datetime,temp,feelslike,dew,humidity,precip,precipprob,preciptype,snow,snowdepth,windgust,windspeed,winddir,sealevelpressure,cloudcover,visibility,solarradiation,solarenergy,uvindex,severerisk,conditions,icon,stations
"Montr�al, QC, Canada",2025-05-16T00:00:00,21.2,21.2,14.9,67.17,0,0,,0,0,11.5,3.5,340,1006.5,32.3,17.1,0,0,0,10,Partially cloudy,partly-cloudy-night,"71627094792,71377099999,71371099999,CWIZ,F8061,CWTA,71612099999"
"Montr�al, QC, Canada",2025-05-16T01:00:00,19.9,19.9,15,73.69,0,0,,0,0,9,1.8,239,1006.2,63.5,17.1,0,0,0,10,Partially cloudy,partly-cloudy-night,"71627094792,71377099999,71371099999,CWIZ,F8061,CWTA,71612099999"
"Montr�al, QC, Canada",2025-05-16T02:00:00,19.6,19.6,15.3,76.36,0,0,,0,0,9,3.6,240,1006.2,50,18.5,0,0,0,10,Partially cloudy,partly-cloudy-night,"71627094792,71377099999,71371099999,CWIZ,F8061,CWTA,71612099999"
"Montr�al, QC, Canada",2025-05-16T03:00:00,19.6,19.6,15.5,77.05,0,0,,0,0,9.7,1.9,230,1006.6,96.2,17.1,0,0,0,10,Overcast,cloudy,"71627094792,71377099999,71371099999,CWIZ,F8061,CWTA,71612099999"
"Montr�al, QC, Canada",2025-05-16T04:00:00,19.8,19.8,15.3,75.49,0,0,,0,0,8.6,3.6,219,1006.6,0,17.1,0,0,0,10,Clear,clear-night,"71627094792,71377099999,71371099999,CWIZ,F8061,CWTA,71612099999"
"Montr�al, QC, Canada",2025-05-16T05:00:00,17.9,17.9,14.7,81.35,0,0,,0,0,8.6,0.1,4,1006.2,40,18.5,1,0,0,10,Partially cloudy,partly-cloudy-night,"71627094792,71377099999,71371099999,CWIZ,F8061,CWTA,71612099999"
"Montr�al, QC, Canada",2025-05-16T06:00:00,18.1,18.1,15.8,86.57,0,0,,0,0,9,1.9,223,1006,0,24.5,28,0.1,0,10,Clear,clear-day,"71627094792,71377099999,71371099999,CWIZ,F8061,CWTA,71612099999"
"Montr�al, QC, Canada",2025-05-16T07:00:00,18.8,18.8,15.7,82.07,0,0,,0,0,12.6,7.6,141,1005.8,4.2,24.5,67,0.2,1,10,Clear,clear-day,"71627094792,71377099999,71371099999,CWIZ,F8061,CWTA,71612099999"
"Montr�al, QC, Canada",2025-05-16T08:00:00,20.8,20.8,16.8,77.86,0,0,,0,0,15.8,3.7,170,1005.7,33.1,25,324,1.2,3,10,Partially cloudy,partly-cloudy-day,"71627094792,71377099999,71371099999,CWIZ,F8061,CWTA,71612099999"
"Montr�al, QC, Canada",2025-05-16T09:00:00,22.4,22.4,16.2,68.22,0,0,,0,0,18,5.5,160,1005.6,93.6,24.5,543,2,5,10,Overcast,cloudy,"71627094792,71377099999,71371099999,CWIZ,F8061,CWTA,71612099999"
"Montr�al, QC, Canada",2025-05-16T10:00:00,23.4,23.4,15.5,61.39,0,0,,0,0,19.8,5.5,140,1004.9,0,24.5,704,2.5,7,10,Clear,clear-day,"71627094792,71377099999,71371099999,CWIZ,F8061,CWTA,71612099999"
"Montr�al, QC, Canada",2025-05-16T11:00:00,24.9,24.9,16.2,58.65,0,0,,0,0,21.6,7.6,150,1004.4,80,25,732,2.6,7,10,Partially cloudy,partly-cloudy-day,"71627094792,71377099999,71371099999,CWIZ,F8061,CWTA,71612099999"
"Montr�al, QC, Canada",2025-05-16T12:00:00,25.9,25.9,16.1,54.79,0,0,,0,0,27.7,7.6,111,1003.8,54.7,24.5,808,2.9,8,10,Partially cloudy,partly-cloudy-day,"71627094792,71377099999,71371099999,CWIZ,F8061,CWTA,71612099999"
"Montr�al, QC, Canada",2025-05-16T13:00:00,26.7,27.1,14.9,48.19,0,0,,0,0,30.2,7.7,180,1003,0,24.5,664,2.4,7,10,Clear,clear-day,"71627094792,71377099999,71371099999,CWIZ,F8061,CWTA,71612099999"
"Montr�al, QC, Canada",2025-05-16T14:00:00,27.7,27.6,14.4,44.18,0,0,,0,0,31.7,5.6,156,1002.2,80,25,632,2.3,6,10,Partially cloudy,partly-cloudy-day,"71627094792,71377099999,71371099999,CWIZ,F8061,CWTA,71612099999"
"Montr�al, QC, Canada",2025-05-16T15:00:00,27,27.1,13.7,44.01,0,0,,0,0,29.5,11.3,170,1001.6,0,24.5,350,1.3,4,10,Clear,clear-day,"71627094792,71377099999,71371099999,CWIZ,F8061,CWTA,71612099999"
"Montr�al, QC, Canada",2025-05-16T16:00:00,27.7,27.4,12.7,39.45,0,0,,0,0,37.7,7.7,160,1000.7,0,17.1,297,1.1,3,3,Clear,clear-day,"71627094792,71377099999,71371099999,CWIZ,F8061,CWTA,71612099999"
"Montr�al, QC, Canada",2025-05-16T17:00:00,20.2,20.2,18.4,89.08,4.821,100,rain,0,0,27.7,5.8,210,1003.6,100,7.1,27,0.1,0,10,"Rain, Overcast",rain,"71627094792,71377099999,71371099999,CWIZ,F8061,CWTA,71612099999"
"Montr�al, QC, Canada",2025-05-16T18:00:00,20.2,20.2,18.7,91.34,2.976,100,rain,0,0,27,1.9,235,1002.1,50.8,17.1,44,0.2,0,3,"Rain, Partially cloudy",rain,"71627094792,71377099999,71371099999,CWIZ,F8061,CWTA,71612099999"
"Montr�al, QC, Canada",2025-05-16T19:00:00,20.2,20.2,17.4,83.57,0.253,100,rain,0,0,26.6,5.4,239,1001.1,49.2,17.1,44,0.2,0,10,"Rain, Partially cloudy",rain,"71627094792,71377099999,71371099999,CWIZ,F8061,CWTA,71612099999"
"Montr�al, QC, Canada",2025-05-16T20:00:00,20.9,20.9,16.4,75.55,0.047,100,rain,0,0,20.9,3.7,210,1001,84.5,18.5,15,0.1,0,10,"Rain, Partially cloudy",rain,"71627094792,71377099999,71371099999,CWIZ,F8061,CWTA,71612099999"
"Montr�al, QC, Canada",2025-05-16T21:00:00,21.3,21.3,17.4,78.17,0,0,,0,0,15.5,5.5,189,1001.3,14.6,17.1,0,0,0,10,Clear,clear-night,"71627094792,71377099999,71371099999,CWIZ,F8061,CWTA,71612099999"
"Montr�al, QC, Canada",2025-05-16T22:00:00,20.2,20.2,18,87.19,0,0,,0,0,15.1,5.4,189,1001.7,15,17.1,0,0,0,10,Clear,clear-night,"71627094792,71377099999,71371099999,CWIZ,F8061,CWTA,71612099999"
"Montr�al, QC, Canada",2025-05-16T23:00:00,20.3,20.3,17.5,83.82,0,0,,0,0,15.5,5.4,189,1001.6,50,18.5,0,0,0,3,Partially cloudy,partly-cloudy-night,"71627094792,71377099999,71371099999,CWIZ,F8061,CWTA,71612099999"
"Montr�al, QC, Canada",2025-05-17T00:00:00,19,19,17.2,89.13,0,0,,0,0,14.4,3.6,293,1001.7,33.5,17.1,0,0,0,3,Partially cloudy,partly-cloudy-night,"71627094792,71377099999,71371099999,CWIZ,F8061,CWTA,71612099999"
"Montr�al, QC, Canada",2025-05-17T01:00:00,18.8,18.8,17.3,91.04,0,0,,0,0,15.1,3.6,218,1001.4,0,17.1,0,0,0,3,Clear,clear-night,"71627094792,71377099999,71371099999,CWIZ,F8061,CWTA,71612099999"
"Montr�al, QC, Canada",2025-05-17T02:00:00,18.3,18.3,16.8,91.05,0,0,,0,0,13.3,3.7,200,1001.5,16.3,18.5,0,0,0,3,Clear,clear-night,"71627094792,71377099999,71371099999,CWIZ,F8061,CWTA,71612099999"
"Montr�al, QC, Canada",2025-05-17T03:00:00,18.1,18.1,15.3,83.87,0,0,,0,0,18.7,3.5,181,1001,0,17.1,0,0,0,3,Clear,clear-night,"71627094792,71377099999,71371099999,CWIZ,F8061,CWTA,71612099999"
"Montr�al, QC, Canada",2025-05-17T04:00:00,16.8,16.8,14.8,88.16,0,0,,0,0,16.9,0.1,360,1000.4,0,8.1,0,0,0,10,Clear,clear-night,"71627094792,71377099999,71371099999,CWIZ,F8061,CWTA,71612099999"
"Montr�al, QC, Canada",2025-05-17T05:00:00,15.7,15.7,14.8,94.68,0,0,,0,0,13,3.7,21,1000.4,50,8.1,1,0,0,10,Partially cloudy,partly-cloudy-night,"71627094792,71377099999,71371099999,CWIZ,F8061,CWTA,71612099999"
"Montr�al, QC, Canada",2025-05-17T06:00:00,15,15,15,99.97,0,0,,0,0,11.2,1.9,10,1000,92.3,5.9,40,0.1,0,10,Overcast,cloudy,"71627094792,71377099999,71371099999,CWIZ,F8061,CWTA,71612099999"
"Montr�al, QC, Canada",2025-05-17T07:00:00,15.4,15.4,15.2,99.07,0,0,,0,0,17.6,3.7,10,1000.1,100,0.6,80,0.3,1,5,Overcast,fog,"71627094792,71377099999,71371099999,CWIZ,F8061,CWTA,71612099999"
"Montr�al, QC, Canada",2025-05-17T08:00:00,15.2,15.2,15.2,99.96,0,0,,0,0,24.5,5.5,1,1000,90,0.6,140,0.5,1,5,Partially cloudy,fog,"71627094792,71377099999,71371099999,CWIZ,F8061,CWTA,71612099999"
"Montr�al, QC, Canada",2025-05-17T09:00:00,15.3,15.3,15.2,99.95,0,0,,0,0,31.7,5.5,20,999.1,99.4,5,180,0.6,2,3,Overcast,cloudy,"71627094792,71377099999,71371099999,CWIZ,F8061,CWTA,71612099999"
"Montr�al, QC, Canada",2025-05-17T10:00:00,15.9,15.9,15.3,95.92,0,0,,0,0,35.6,7.6,352,998.1,100,11.2,105,0.4,1,10,Overcast,cloudy,"71627094792,71377099999,71371099999,CWIZ,F8061,CWTA,71612099999"
"Montr�al, QC, Canada",2025-05-17T11:00:00,16.1,16.1,15.8,98.54,0.849,100,rain,0,0,46.4,9.5,349,997.7,100,6.1,24,0.1,0,10,"Rain, Overcast",rain,"71627094792,71377099999,71371099999,CWIZ,F8061,CWTA,71612099999"
"Montr�al, QC, Canada",2025-05-17T12:00:00,16.3,16.3,15.7,95.67,12.957,100,rain,0,0,42.8,3.7,30,997.2,100,5.7,50,0.2,1,10,"Rain, Overcast",rain,"71627094792,71377099999,71371099999,CWIZ,F8061,CWTA,71612099999"
"Montr�al, QC, Canada",2025-05-17T13:00:00,17.2,17.2,16.2,94.21,0.959,100,rain,0,0,41.4,5.6,150,996.8,98.8,12.8,359,1.3,4,10,"Rain, Overcast",rain,"71627094792,71377099999,71371099999,CWIZ,F8061,CWTA,71612099999"
"Montr�al, QC, Canada",2025-05-17T14:00:00,20,20,16.9,82.43,0.041,100,rain,0,0,40,5.6,159,995.7,93.1,18.5,754,2.7,8,10,"Rain, Overcast",rain,"71627094792,71377099999,71371099999,CWIZ,F8061,CWTA,71612099999"
"Montr�al, QC, Canada",2025-05-17T15:00:00,19.4,19.4,15.5,78.45,0.253,100,rain,0,0,37.8,5.5,150,995.2,100,12.8,103,0.4,1,10,"Rain, Overcast",rain,"71627094792,71377099999,71371099999,CWIZ,F8061,CWTA,71612099999"
"Montr�al, QC, Canada",2025-05-17T16:00:00,18.2,18.2,16.7,90.93,1.739,100,rain,0,0,36.7,9.4,350,994.3,66.6,12.8,194,0.7,2,10,"Rain, Partially cloudy",rain,"71627094792,71377099999,71371099999,CWIZ,F8061,CWTA,71612099999"
"Montr�al, QC, Canada",2025-05-17T17:00:00,18.3,18.3,16.9,91,0,0,,0,0,32.4,3.7,1,995.1,96.9,15,84,0.3,1,10,Overcast,cloudy,"71627094792,71377099999,71371099999,CWIZ,F8061,CWTA,71612099999"
"Montr�al, QC, Canada",2025-05-17T18:00:00,18.8,18.8,17,89.36,0.084,100,rain,0,0,27,5.4,170,995.3,95.4,17.1,69,0.2,1,10,"Rain, Overcast",rain,"71627094792,71377099999,71371099999,CWIZ,F8061,CWTA,71612099999"
"Montr�al, QC, Canada",2025-05-17T19:00:00,18.4,18.4,17.2,92.74,0,0,,0,0,28.4,5.5,190,994.8,100,12.8,24,0.1,0,10,Overcast,cloudy,"71627094792,71377099999,71371099999,CWIZ,F8061,CWTA,71612099999"
"Montr�al, QC, Canada",2025-05-17T20:00:00,17.5,17.5,16.7,95.12,0.286,100,rain,0,0,28.4,7.7,180,994.5,96.9,18.5,8,0,0,10,"Rain, Overcast",rain,"71627094792,71377099999,71371099999,CWIZ,F8061,CWTA,71612099999"
"Montr�al, QC, Canada",2025-05-17T21:00:00,17.6,17.6,16.3,92.05,0,0,,0,0,35.3,7.7,181,995.4,84.1,17.1,0,0,0,10,Partially cloudy,partly-cloudy-night,"71627094792,71377099999,71371099999,CWIZ,F8061,CWTA,71612099999"
"Montr�al, QC, Canada",2025-05-17T22:00:00,17.4,17.4,12.9,74.93,0,0,,0,0,33.5,8,191,995.5,86.8,17.1,0,0,0,10,Partially cloudy,partly-cloudy-night,"71627094792,71377099999,71371099999,CWIZ,F8061,CWTA,71612099999"
"Montr�al, QC, Canada",2025-05-17T23:00:00,15.9,15.9,12.2,78.96,0,0,,0,0,38.9,9.8,201,996.1,93.1,18.5,0,0,0,10,Overcast,cloudy,"71627094792,71377099999,71371099999,CWIZ,F8061,CWTA,71612099999"
"Montr�al, QC, Canada",2025-05-18T00:00:00,14.7,14.7,11.9,83.02,0.001,100,rain,0,0,31.3,7.9,211,996.1,79.4,13.7,0,0,0,10,"Rain, Partially cloudy",rain,"71627094792,71377099999,71371099999,CWIZ,F8061,CWTA,71612099999"
"Montr�al, QC, Canada",2025-05-18T01:00:00,13.7,13.7,11.9,88.56,0.254,100,rain,0,0,31.3,7.8,181,996,46.1,13.7,0,0,0,10,"Rain, Partially cloudy",rain,"71627094792,71377099999,71371099999,CWIZ,F8061,CWTA,71612099999"
"Montr�al, QC, Canada",2025-05-18T02:00:00,12.9,12.9,11.6,92.39,0.472,100,rain,0,0,35.3,7.8,171,995.8,100,13.8,0,0,0,10,"Rain, Overcast",rain,"71627094792,71377099999,71371099999,CWIZ,F8061,CWTA,71612099999"
"Montr�al, QC, Canada",2025-05-18T03:00:00,12.7,12.7,11.7,93.61,0.791,100,rain,0,0,32,5.5,181,995.8,56.8,15.6,0,0,0,10,"Rain, Partially cloudy",rain,"71627094792,71377099999,71371099999,CWIZ,F8061,CWTA,71612099999"
"Montr�al, QC, Canada",2025-05-18T04:00:00,12.8,12.8,11,89.18,0,0,,0,0,27.7,7.7,181,996,56,17.1,0,0,0,10,Partially cloudy,partly-cloudy-night,"71627094792,71377099999,71371099999,CWIZ,F8061,CWTA,71612099999"
"Montr�al, QC, Canada",2025-05-18T05:00:00,12.6,12.6,11.1,90.58,0,0,,0,0,23.4,7.7,171,996.4,96.9,18.5,1,0,0,10,Overcast,cloudy,"71627094792,71377099999,71371099999,CWIZ,F8061,CWTA,71612099999"
"Montr�al, QC, Canada",2025-05-18T06:00:00,11.8,11.8,10.8,93.78,0,0,,0,0,22.3,3.7,171,996.5,92.2,17.1,34,0.1,0,10,Overcast,cloudy,"71627094792,71377099999,71371099999,CWIZ,F8061,CWTA,71612099999"
"Montr�al, QC, Canada",2025-05-18T07:00:00,12.9,12.9,10.9,87.65,0,0,,0,0,21.6,5.6,181,996.6,78.3,17.1,68,0.2,1,10,Partially cloudy,partly-cloudy-day,"71627094792,71377099999,71371099999,CWIZ,F8061,CWTA,71612099999"
"Montr�al, QC, Canada",2025-05-18T08:00:00,12.9,12.9,10.7,86.48,0.001,100,rain,0,0,24.8,7.7,181,996.5,100,18.5,154,0.6,2,10,"Rain, Overcast",rain,"71627094792,71377099999,71371099999,CWIZ,F8061,CWTA,71612099999"
"Montr�al, QC, Canada",2025-05-18T09:00:00,13.9,13.9,11.2,83.8,0,0,,0,0,26.3,7.7,191,996.3,78.6,17.1,271,1,3,10,Partially cloudy,partly-cloudy-day,"71627094792,71377099999,71371099999,CWIZ,F8061,CWTA,71612099999"
"Montr�al, QC, Canada",2025-05-18T10:00:00,14.4,14.4,10.9,79.49,0,0,,0,0,25.6,5.6,191,996.1,97,17.1,227,0.8,2,10,Overcast,cloudy,"71627094792,71377099999,71371099999,CWIZ,F8061,CWTA,71612099999"
"Montr�al, QC, Canada",2025-05-18T11:00:00,14.4,14.4,11.5,82.9,0,0,,0,0,22,3.8,241,996.3,96.9,18.5,351,1.3,4,10,Overcast,cloudy,"71627094792,71377099999,71371099999,CWIZ,F8061,CWTA,71612099999"
"Montr�al, QC, Canada",2025-05-18T12:00:00,14.8,14.8,10.8,76.98,0,0,,0,0,19.8,3.8,251,996.6,99.4,17.1,202,0.7,2,10,Overcast,cloudy,"71627094792,71377099999,71371099999,CWIZ,F8061,CWTA,71612099999"
"Montr�al, QC, Canada",2025-05-18T13:00:00,15.1,15.1,11.3,78.04,0,0,,0,0,19.8,5.6,260,996.4,100,17.1,200,0.7,2,10,Overcast,cloudy,"71627094792,71377099999,71371099999,CWIZ,F8061,CWTA,71612099999"
"Montr�al, QC, Canada",2025-05-18T14:00:00,14.4,14.4,12,85.71,0.002,100,rain,0,0,23,5.6,221,996.7,100,13.8,130,0.5,1,10,"Rain, Overcast",rain,"71627094792,71377099999,71371099999,CWIZ,F8061,CWTA,71612099999"
"Montr�al, QC, Canada",2025-05-18T15:00:00,14.2,14.2,12.8,91.85,1.238,100,rain,0,0,26.3,3.9,329,997.3,100,11.5,81,0.3,1,10,"Rain, Overcast",rain,"71627094792,71377099999,71371099999,CWIZ,F8061,CWTA,71612099999"
"Montr�al, QC, Canada",2025-05-18T16:00:00,12.8,12.8,12,95.18,0.985,100,rain,0,0,31.3,9.5,349,998,100,12.1,89,0.3,1,10,"Rain, Overcast",rain,"71627094792,71377099999,71371099999,CWIZ,F8061,CWTA,71612099999"
"Montr�al, QC, Canada",2025-05-18T17:00:00,12.4,12.4,10.9,90.59,0.844,100,rain,0,0,40.7,11.3,330,998.8,100,13.8,146,0.5,1,10,"Rain, Overcast",rain,"71627094792,71377099999,71371099999,CWIZ,F8061,CWTA,71612099999"
"Montr�al, QC, Canada",2025-05-18T18:00:00,11.2,11.2,9.9,91.39,1.333,100,rain,0,0,30.5,11.4,330,1000.1,100,12.1,46,0.2,0,10,"Rain, Overcast",rain,"71627094792,71377099999,71371099999,CWIZ,F8061,CWTA,71612099999"
"Montr�al, QC, Canada",2025-05-18T19:00:00,9.5,7.8,8.9,95.63,1.791,100,rain,0,0,33.5,11.3,349,1001.3,100,10.9,27,0.1,0,10,"Rain, Overcast",rain,"71627094792,71377099999,71371099999,CWIZ,F8061,CWTA,71612099999"
"Montr�al, QC, Canada",2025-05-18T20:00:00,8.9,7.1,8.1,94.83,2.163,100,rain,0,0,44.3,11.4,350,1002.7,100,5,5,0,0,10,"Rain, Overcast",rain,"71627094792,71377099999,71371099999,CWIZ,F8061,CWTA,71612099999"
"Montr�al, QC, Canada",2025-05-18T21:00:00,8.1,5.8,7,93.32,0.303,100,rain,0,0,42.5,13.1,349,1004.1,100,11.2,0,0,0,10,"Rain, Overcast",rain,"71627094792,71377099999,71371099999,CWIZ,F8061,CWTA,71612099999"
"Montr�al, QC, Canada",2025-05-18T22:00:00,8,6.8,7,93.14,0.265,100,rain,0,0,38.9,7.7,339,1005.1,100,11.5,0,0,0,10,"Rain, Overcast",rain,"71627094792,71377099999,71371099999,CWIZ,F8061,CWTA,71612099999"
"Montr�al, QC, Canada",2025-05-18T23:00:00,7.9,7.1,6.7,92.48,0.566,100,rain,0,0,36,5.6,349,1005.6,100,11.5,0,0,0,10,"Rain, Overcast",rain,"71627094792,71377099999,71371099999,CWIZ,F8061,CWTA,71612099999"
"Montr�al, QC, Canada",2025-05-19T00:00:00,7.7,7,6.7,93.36,1.248,100,rain,0,0,33.5,5.6,329,1005.8,100,7.4,0,0,0,10,"Rain, Overcast",rain,"71627094792,71377099999,71371099999,CWIZ,F8061,CWTA,71612099999"
"Montr�al, QC, Canada",2025-05-19T01:00:00,7.7,7,6.7,93.39,0.001,100,rain,0,0,34.6,5.5,339,1005.9,100,11.5,0,0,0,10,"Rain, Overcast",rain,"71627094792,71377099999,71371099999,CWIZ,F8061,CWTA,71612099999"
"Montr�al, QC, Canada",2025-05-19T02:00:00,7.9,5.9,6.6,92.1,0.236,100,rain,0,0,29.5,11.2,339,1006.3,100,14.8,0,0,0,10,"Rain, Overcast",rain,"71627094792,71377099999,71371099999,CWIZ,F8061,CWTA,71612099999"
"Montr�al, QC, Canada",2025-05-19T03:00:00,7.9,6.6,5.9,87.18,0,0,,0,0,33.8,7.7,330,1006.7,100,15.6,0,0,0,10,Overcast,cloudy,"71627094792,71377099999,71371099999,CWIZ,F8061,CWTA,71612099999"
"Montr�al, QC, Canada",2025-05-19T04:00:00,7.9,7.1,5.4,84.2,0,0,,0,0,33.1,5.6,349,1007.1,100,17.1,0,0,0,10,Overcast,cloudy,"71627094792,71377099999,71371099999,CWIZ,F8061,CWTA,71612099999"
"Montr�al, QC, Canada",2025-05-19T05:00:00,7.9,7.1,4.7,80.54,0,0,,0,0,32,5.6,330,1007.6,100,18.5,0,0,0,10,Overcast,cloudy,"71627094792,71377099999,71371099999,CWIZ,F8061,CWTA,71612099999"
"Montr�al, QC, Canada",2025-05-19T06:00:00,7.9,6.6,4.2,77.77,0,0,,0,0,31,7.7,349,1008.4,100,17.1,11,0,0,10,Overcast,cloudy,"71627094792,71377099999,71371099999,CWIZ,F8061,CWTA,71612099999"
"Montr�al, QC, Canada",2025-05-19T07:00:00,7.9,6.6,3.9,75.87,0,0,,0,0,30.2,7.7,339,1009.4,100,17.1,53,0.2,1,10,Overcast,cloudy,"71627094792,71377099999,71371099999,CWIZ,F8061,CWTA,71612099999"
"Montr�al, QC, Canada",2025-05-19T08:00:00,7.9,6.2,3.8,75.11,0,0,,0,0,27.7,9.6,340,1009.6,100,18.5,94,0.3,1,10,Overcast,cloudy,"71627094792,71377099999,71371099999,CWIZ,F8061,CWTA,71612099999"
"Montr�al, QC, Canada",2025-05-19T09:00:00,8,5.7,2.9,70.03,0,0,,0,0,35.3,13.1,349,1010.1,100,17.1,122,0.4,1,10,Overcast,cloudy,"71627094792,71377099999,71371099999,CWIZ,F8061,CWTA,71612099999"
"Montr�al, QC, Canada",2025-05-19T10:00:00,8.3,6.8,2.7,67.39,0,0,,0,0,30.5,9.6,350,1010,100,17.1,208,0.7,2,10,Overcast,cloudy,"71627094792,71377099999,71371099999,CWIZ,F8061,CWTA,71612099999"
"Montr�al, QC, Canada",2025-05-19T11:00:00,8.7,7.1,2.7,66.26,0,0,,0,0,27.7,9.6,340,1010.2,100,18.5,227,0.8,2,10,Overcast,cloudy,"71627094792,71377099999,71371099999,CWIZ,F8061,CWTA,71612099999"
"Montr�al, QC, Canada",2025-05-19T12:00:00,9,7.3,3,65.87,0,0,,0,0,27.7,11.4,349,1010.1,100,17.1,356,1.3,4,10,Overcast,cloudy,"71627094792,71377099999,71371099999,CWIZ,F8061,CWTA,71612099999"
"Montr�al, QC, Canada",2025-05-19T13:00:00,9.1,7.4,3,65.69,0,0,,0,0,31.3,11.3,350,1010.4,100,17.1,296,1.1,3,10,Overcast,cloudy,"71627094792,71377099999,71371099999,CWIZ,F8061,CWTA,71612099999"
"Montr�al, QC, Canada",2025-05-19T14:00:00,9.5,7.8,4,68.53,0,0,,0,0,31.7,11.3,350,1010.6,100,18.5,335,1.2,3,10,Overcast,cloudy,"71627094792,71377099999,71371099999,CWIZ,F8061,CWTA,71612099999"
"Montr�al, QC, Canada",2025-05-19T15:00:00,9.7,7.8,3.5,65.54,0,0,,0,0,33.5,13.1,350,1010.9,100,17.1,206,0.7,2,10,Overcast,cloudy,"71627094792,71377099999,71371099999,CWIZ,F8061,CWTA,71612099999"
"Montr�al, QC, Canada",2025-05-19T16:00:00,9.9,8.1,3.1,62.65,0,0,,0,0,33.5,13.2,340,1011.3,100,17.1,153,0.6,2,10,Overcast,cloudy,"71627094792,71377099999,71371099999,CWIZ,F8061,CWTA,71612099999"
"Montr�al, QC, Canada",2025-05-19T17:00:00,10.1,10.1,3.4,62.76,0,0,,0,0,38.5,14.9,360,1012.2,100,18.5,137,0.5,1,10,Overcast,cloudy,"71627094792,71377099999,71371099999,CWIZ,F8061,CWTA,71612099999"
"Montr�al, QC, Canada",2025-05-19T18:00:00,10,8.4,4,66.41,0.005,100,rain,0,0,35.3,11.3,10,1012.9,100,17.1,164,0.6,2,10,"Rain, Overcast",rain,"71627094792,71377099999,71371099999,CWIZ,F8061,CWTA,71612099999"
"Montr�al, QC, Canada",2025-05-19T19:00:00,9.2,7.5,4.2,70.99,0.005,100,rain,0,0,37.1,11.4,360,1013.7,94.2,17.1,49,0.2,0,10,"Rain, Overcast",rain,"71627094792,71377099999,71371099999,CWIZ,F8061,CWTA,71612099999"
"Montr�al, QC, Canada",2025-05-19T20:00:00,7.9,5.8,4.2,77.75,0.253,100,rain,0,0,36.7,11.3,360,1014.4,100,18.5,12,0,0,10,"Rain, Overcast",rain,"71627094792,71377099999,71371099999,CWIZ,F8061,CWTA,71612099999"
"Montr�al, QC, Canada",2025-05-19T21:00:00,6.8,4.3,3.1,77.51,0,0,,0,0,29.3,13.1,350,1014.9,97,15.6,0,0,0,10,Overcast,cloudy,"71627094792,71377099999,71371099999,CWIZ,F8061,CWTA,71612099999"
"Montr�al, QC, Canada",2025-05-19T22:00:00,7.2,4.8,2.2,70.57,0,0,,0,0,33.5,13.1,360,1015.1,95,17.1,0,0,0,10,Overcast,cloudy,"71627094792,71377099999,71371099999,CWIZ,F8061,CWTA,71612099999"
"Montr�al, QC, Canada",2025-05-19T23:00:00,6.9,4.3,2.2,72.01,0.002,100,rain,0,0,33.8,13.1,360,1015.2,100,18.5,0,0,0,10,"Rain, Overcast",rain,"71627094792,71377099999,71371099999,CWIZ,F8061,CWTA,71612099999"
"Montr�al, QC, Canada",2025-05-20T00:00:00,6.9,4.6,2.2,72.31,0,0,,0,0,31.3,11.3,360,1015,79.4,17.1,0,0,0,10,Partially cloudy,partly-cloudy-night,"71627094792,71377099999,71371099999,CWIZ,F8061,CWTA,71612099999"
"Montr�al, QC, Canada",2025-05-20T01:00:00,6.8,4.3,1.8,70.37,0,0,,0,0,27.7,13.1,360,1014.8,91.4,17.1,0,0,0,10,Overcast,cloudy,"71627094792,71377099999,71371099999,CWIZ,F8061,CWTA,71612099999"
"Montr�al, QC, Canada",2025-05-20T02:00:00,6.8,4.6,2,71.6,0,0,,0,0,25.9,11.2,10,1015,100,18.5,0,0,0,10,Overcast,cloudy,"71627094792,71377099999,71371099999,CWIZ,F8061,CWTA,71612099999"
"Montr�al, QC, Canada",2025-05-20T03:00:00,6.7,4.8,2.4,73.76,0,0,,0,0,25.2,9.4,350,1015.4,82.1,17.1,0,0,0,10,Partially cloudy,partly-cloudy-night,"71627094792,71377099999,71371099999,CWIZ,F8061,CWTA,71612099999"
"Montr�al, QC, Canada",2025-05-20T04:00:00,6.6,4.8,2.4,74.09,0,0,,0,0,24.1,9.4,360,1015.6,79,17.1,0,0,0,10,Partially cloudy,partly-cloudy-night,"71627094792,71377099999,71371099999,CWIZ,F8061,CWTA,71612099999"
"Montr�al, QC, Canada",2025-05-20T05:00:00,6.5,5,2.7,76.47,0,0,,0,0,22.3,7.6,350,1016.1,100,18.5,1,0,0,10,Overcast,cloudy,"71627094792,71377099999,71371099999,CWIZ,F8061,CWTA,71612099999"
"Montr�al, QC, Canada",2025-05-20T06:00:00,6.8,5.4,2.8,75.72,0,0,,0,0,22,7.6,360,1016.3,94,17.1,30,0.1,0,10,Overcast,cloudy,"71627094792,71377099999,71371099999,CWIZ,F8061,CWTA,71612099999"
"Montr�al, QC, Canada",2025-05-20T07:00:00,6.9,5.4,2.7,74.9,0,0,,0,0,23.8,7.7,360,1016.8,100,17.1,41,0.1,0,10,Overcast,cloudy,"71627094792,71377099999,71371099999,CWIZ,F8061,CWTA,71612099999"
"Montr�al, QC, Canada",2025-05-20T08:00:00,6.9,4.7,3,76.15,0,0,,0,0,26.6,11.2,10,1017.3,100,18.5,99,0.4,1,10,Overcast,cloudy,"71627094792,71377099999,71371099999,CWIZ,F8061,CWTA,71612099999"
"Montr�al, QC, Canada",2025-05-20T09:00:00,7.8,5.8,3,71.98,0,0,,0,0,30.6,11.3,360,1017.8,97,17.1,266,1,3,10,Overcast,cloudy,"71627094792,71377099999,71371099999,F8061,CWTA,71612099999"
"Montr�al, QC, Canada",2025-05-20T10:00:00,8.7,7.1,3.4,69.34,0,0,,0,0,31,9.5,360,1017.6,98.8,17.1,428,1.5,4,10,Overcast,cloudy,"71627094792,71377099999,71371099999,F8061,CWTA,71612099999"
"Montr�al, QC, Canada",2025-05-20T11:00:00,9.1,7.7,3.5,67.81,0,0,,0,0,29.2,9.4,360,1018,100,18.5,246,0.9,2,10,Overcast,cloudy,"71627094792,71377099999,71371099999,CWIZ,F8061,CWTA,71612099999"
"Montr�al, QC, Canada",2025-05-20T12:00:00,10.1,10.1,4.4,67.34,0,0,,0,0,28.1,7.7,360,1018.5,100,24.5,278,1,3,10,Overcast,cloudy,"71627094792,71377099999,71371099999,F8061,CWTA,71612099999"
"Montr�al, QC, Canada",2025-05-20T13:00:00,10.4,10.4,4.2,65.76,0,0,,0,0,26.6,7.6,30,1018.3,100,24.5,406,1.5,4,10,Overcast,cloudy,"71627094792,71377099999,71371099999,F8061,CWTA,71612099999"
"Montr�al, QC, Canada",2025-05-20T14:00:00,11.1,11.1,5.3,67.46,0,0,,0,0,23.8,9.5,1,1018,100,25,425,1.5,4,10,Overcast,cloudy,"71627094792,71377099999,71371099999,CWIZ,F8061,CWTA,71612099999"
"Montr�al, QC, Canada",2025-05-20T15:00:00,11.8,11.8,4.9,62.7,0,0,,0,0,25.6,11.2,30,1018.1,100,24.5,246,0.9,2,10,Overcast,cloudy,"71627094792,71377099999,71371099999,CWIZ,F8061,CWTA,71612099999"
"Montr�al, QC, Canada",2025-05-20T16:00:00,11.5,11.5,5.4,65.95,0,0,,0,0,24.8,5.6,20,1018.3,100,24.5,155,0.6,2,10,Overcast,cloudy,"71627094792,71377099999,71371099999,CWIZ,F8061,CWTA,71612099999"
"Montr�al, QC, Canada",2025-05-20T17:00:00,11.2,11.2,5.5,68.18,0,0,,0,0,22,7.7,21,1018.4,100,18.5,149,0.5,1,10,Overcast,cloudy,"71627094792,71377099999,71371099999,CWIZ,F8061,CWTA,71612099999"
"Montr�al, QC, Canada",2025-05-20T18:00:00,11.2,11.2,6,70.34,0,0,,0,0,19.8,5.5,40,1018.6,100,17.1,66,0.2,1,10,Overcast,cloudy,"71627094792,71377099999,71371099999,CWIZ,F8061,CWTA,71612099999"
"Montr�al, QC, Canada",2025-05-20T19:00:00,11,11,6,71.16,0,0,,0,0,14.4,7.6,21,1018.5,100,17.1,44,0.2,0,10,Overcast,cloudy,"71627094792,71377099999,71371099999,CWIZ,F8061,CWTA,71612099999"
"Montr�al, QC, Canada",2025-05-20T20:00:00,11.2,11.2,6.4,72.08,0,0,,0,0,16.6,5.5,40,1018.6,100,18.5,5,0,0,10,Overcast,cloudy,"71627094792,71377099999,71371099999,CWIZ,F8061,CWTA,71612099999"
"Montr�al, QC, Canada",2025-05-20T21:00:00,11,11,6.2,72.46,0,0,,0,0,19.8,7.6,20,1018.8,100,17.1,0,0,0,10,Overcast,cloudy,"71627094792,71377099999,71371099999,CWIZ,F8061,CWTA,71612099999"
"Montr�al, QC, Canada",2025-05-20T22:00:00,10.3,10.3,6.2,75.56,0,0,,0,0,19.8,9.4,20,1019.1,99.4,17.1,0,0,0,10,Overcast,cloudy,"71627094792,71377099999,71371099999,CWIZ,F8061,CWTA,71612099999"
"Montr�al, QC, Canada",2025-05-20T23:00:00,10.3,10.3,6.4,76.33,0,0,,0,0,17.3,5.6,20,1018.8,100,18.5,0,0,0,10,Overcast,cloudy,"71627094792,71377099999,71371099999,CWIZ,F8061,CWTA,71612099999"
"Montr�al, QC, Canada",2025-05-21T00:00:00,10,9.1,6.7,80.06,0,0,,0,0,15.1,7.7,10,1018.8,100,17.1,0,0,0,10,Overcast,cloudy,"71627094792,71377099999,71371099999,CWIZ,F8061,CWTA,71612099999"
"Montr�al, QC, Canada",2025-05-21T01:00:00,9.6,8.7,6.9,82.77,0,0,,0,0,16.6,7.6,360,1018.8,100,17.1,0,0,0,10,Overcast,cloudy,"71627094792,71377099999,71371099999,CWIZ,F8061,CWTA,71612099999"
"Montr�al, QC, Canada",2025-05-21T02:00:00,9.2,7.8,7.3,88.16,0.001,100,rain,0,0,18,9.4,360,1018.1,100,18.5,0,0,0,10,"Rain, Overcast",rain,"71627094792,71377099999,71371099999,F8061,CWTA,71612099999"
"Montr�al, QC, Canada",2025-05-21T03:00:00,9.1,7.7,7.4,88.55,0,0,,0,0,19.1,9.4,351,1017.6,100,17.1,0,0,0,10,Overcast,cloudy,"71627094792,71377099999,71371099999,CWIZ,F8061,CWTA,71612099999"
"Montr�al, QC, Canada",2025-05-21T04:00:00,9,8,7.1,87.86,0,0,,0,0,19.8,7.7,30,1017.5,99.4,17.1,0,0,0,10,Overcast,cloudy,"71627094792,71377099999,71371099999,CWIZ,F8061,CWTA,71612099999"
"Montr�al, QC, Canada",2025-05-21T05:00:00,9.2,8.7,7.4,88.2,0,0,,0,0,18,5.5,1,1018.2,100,18.5,0,0,0,10,Overcast,cloudy,"71627094792,71377099999,71371099999,CWIZ,F8061,CWTA,71612099999"
"Montr�al, QC, Canada",2025-05-21T06:00:00,9.2,9.2,7.4,88.26,0.001,100,rain,0,0,15.1,3.7,10,1018.2,100,17.1,6,0,0,10,"Rain, Overcast",rain,"71627094792,71377099999,71371099999,CWIZ,F8061,CWTA,71612099999"
"Montr�al, QC, Canada",2025-05-21T07:00:00,9,8.5,7.1,88.15,0,0,,0,0,19.4,5.5,30,1018,100,17.1,32,0.1,0,10,Overcast,cloudy,"71627094792,71377099999,71371099999,CWIZ,F8061,CWTA,71612099999"
"Montr�al, QC, Canada",2025-05-21T08:00:00,9.7,9.2,7.5,86.41,0.001,100,rain,0,0,23.4,5.5,21,1017.8,100,18.5,118,0.4,1,10,"Rain, Overcast",rain,"71627094792,71377099999,71371099999,CWIZ,F8061,CWTA,71612099999"
"Montr�al, QC, Canada",2025-05-21T09:00:00,10.9,10.9,7.7,80.93,0.253,100,rain,0,0,25.6,3.8,149,1017.7,91,17.1,195,0.7,2,10,"Rain, Overcast",rain,"71627094792,71377099999,71371099999,CWIZ,F8061,CWTA,71612099999"
"Montr�al, QC, Canada",2025-05-21T10:00:00,11.9,11.9,8,77.17,0,0,,0,0,28.4,5.6,90,1017.5,84.3,17.1,260,0.9,3,10,Partially cloudy,partly-cloudy-day,"71627094792,71377099999,71371099999,CWIZ,F8061,CWTA,71612099999"
"Montr�al, QC, Canada",2025-05-21T11:00:00,12.2,12.2,7.7,73.7,0,0,,0,0,29.9,5.6,100,1017.5,100,18.5,279,1,3,10,Overcast,cloudy,"71627094792,71377099999,71371099999,CWIZ,F8061,CWTA,71612099999"
"Montr�al, QC, Canada",2025-05-21T12:00:00,13.2,13.2,7.1,66.93,0,0,,0,0,32.8,3.9,130,1017.4,90.7,17.1,266,1,3,10,Overcast,cloudy,"71627094792,71377099999,71371099999,CWIZ,F8061,CWTA,71612099999"
"Montr�al, QC, Canada",2025-05-21T13:00:00,13.9,13.9,6.7,61.74,0,0,,0,0,32.8,5.6,100,1016.8,60.8,24.5,487,1.8,5,10,Partially cloudy,partly-cloudy-day,"71627094792,71377099999,71371099999,CWIZ,F8061,CWTA,71612099999"
"Montr�al, QC, Canada",2025-05-21T14:00:00,15.2,15.2,6.3,55.67,0,0,,0,0,31.3,3.8,120,1015.9,100,25,233,0.8,2,10,Overcast,cloudy,"71627094792,71377099999,71371099999,CWIZ,F8061,CWTA,71612099999"
"Montr�al, QC, Canada",2025-05-21T15:00:00,16,16,4.9,47.56,0,0,,0,0,33.1,5.7,110,1015.6,100,24.5,496,1.8,5,10,Overcast,cloudy,"71627094792,71377099999,71371099999,CWIZ,F8061,CWTA,71612099999"
"Montr�al, QC, Canada",2025-05-21T16:00:00,16.8,16.8,3.9,42.28,0,0,,0,0,30.6,7.8,110,1015.2,100,24.5,451,1.6,5,10,Overcast,cloudy,"71627094792,71377099999,71371099999,CWIZ,F8061,CWTA,71612099999"
"Montr�al, QC, Canada",2025-05-21T17:00:00,17.2,17.2,4.8,44.04,0,0,,0,0,25.9,7.8,90,1014.8,96.9,25,284,1,3,10,Overcast,cloudy,"71627094792,71377099999,71371099999,CWIZ,F8061,CWTA,71612099999"
"Montr�al, QC, Canada",2025-05-21T18:00:00,16.5,16.5,4.4,44.5,0,0,,0,0,23.4,5.6,90,1014.6,99.2,24.5,205,0.7,2,10,Overcast,cloudy,"71627094792,71377099999,71371099999,CWIZ,F8061,CWTA,71612099999"
"Montr�al, QC, Canada",2025-05-21T19:00:00,16.1,16.1,3.9,43.96,0,0,,0,0,27,5.7,129,1014.4,97.2,17.1,62,0.2,1,10,Overcast,cloudy,"71627094792,71377099999,71371099999,CWIZ,F8061,CWTA,71612099999"
"Montr�al, QC, Canada",2025-05-21T20:00:00,14.8,14.8,4.4,49.43,0,0,,0,0,31,7.8,80,1014.5,100,18.5,11,0,0,10,Overcast,cloudy,"71627094792,71377099999,71371099999,CWIZ,F8061,CWTA,71612099999"
"Montr�al, QC, Canada",2025-05-21T21:00:00,14.1,14.1,3.9,49.95,0,0,,0,0,27.7,11.4,130,1014.9,99.4,17.1,0,0,0,10,Overcast,cloudy,"71627094792,71377099999,71371099999,CWIZ,F8061,CWTA,71612099999"
"Montr�al, QC, Canada",2025-05-21T22:00:00,12.5,12.5,3.5,54.26,0,0,,0,0,32.8,3.8,140,1015.6,100,17.1,0,0,0,10,Overcast,cloudy,"71627094792,71377099999,71371099999,CWIZ,F8061,CWTA,71612099999"
"Montr�al, QC, Canada",2025-05-21T23:00:00,12.8,12.8,4.6,57.53,0,0,,0,0,31.3,5.5,179,1015.9,48.6,18.5,0,0,0,10,Partially cloudy,partly-cloudy-night,"71627094792,71377099999,71371099999,CWIZ,F8061,CWTA,71612099999"
"Montr�al, QC, Canada",2025-05-22T00:00:00,11.8,11.8,4.7,61.4,0,0,,0,0,29.5,3.7,120,1015.9,100,17.1,0,0,0,10,Overcast,cloudy,"71627094792,71377099999,71371099999,CWIZ,F8061,CWTA,71612099999"
"Montr�al, QC, Canada",2025-05-22T01:00:00,11.2,11.2,5.1,66.33,0,0,,0,0,27.4,3.7,140,1015.8,100,17.1,0,0,0,10,Overcast,cloudy,"71627094792,71377099999,71371099999,CWIZ,F8061,CWTA,71612099999"
"Montr�al, QC, Canada",2025-05-22T02:00:00,11.1,11.1,4.8,65.18,0,0,,0,0,26.6,5.5,140,1015.3,100,18.5,0,0,0,10,Overcast,cloudy,"71627094792,71377099999,71371099999,CWIZ,F8061,CWTA,71612099999"
"Montr�al, QC, Canada",2025-05-22T03:00:00,11,11,4.6,64.94,0,0,,0,0,29.2,3.8,159,1015,100,17.1,0,0,0,10,Overcast,cloudy,"71627094792,71377099999,71371099999,CWIZ,F8061,CWTA,71612099999"
"Montr�al, QC, Canada",2025-05-22T04:00:00,10.6,10.6,4,63.59,0,0,,0,0,28.1,5.5,159,1014.6,100,17.1,0,0,0,10,Overcast,cloudy,"71627094792,71377099999,71371099999,CWIZ,F8061,CWTA,71612099999"
"Montr�al, QC, Canada",2025-05-22T05:00:00,10.3,10.3,4.8,68.74,0,0,,0,0,26.6,3.8,100,1014.5,100,18.5,1,0,0,10,Overcast,cloudy,"71627094792,71377099999,71371099999,CWIZ,F8061,CWTA,71612099999"
"Montr�al, QC, Canada",2025-05-22T06:00:00,10.1,10.1,4.4,67.3,0,0,,0,0,26.3,3.7,149,1014.8,100,17.1,9,0,0,10,Overcast,cloudy,"71627094792,71377099999,71371099999,CWIZ,F8061,CWTA,71612099999"
"Montr�al, QC, Canada",2025-05-22T07:00:00,9.7,9.3,5.1,73.22,0,0,,0,0,27.7,5.6,120,1014.8,99.4,17.1,68,0.2,1,10,Overcast,cloudy,"71627094792,71377099999,71371099999,CWIZ,F8061,CWTA,71612099999"
"Montr�al, QC, Canada",2025-05-22T08:00:00,10,8.7,4.4,68,0,0,,0,0,28.8,9.5,120,1014.7,100,18.5,172,0.6,2,10,Overcast,cloudy,"71627094792,71377099999,71371099999,CWIZ,F8061,CWTA,71612099999"
"Montr�al, QC, Canada",2025-05-22T09:00:00,9.5,8.1,4.2,69.53,0,0,,0,0,37.1,9.7,110,1014.6,98,17.1,247,0.9,2,10,Overcast,cloudy,"71627094792,71377099999,71371099999,CWIZ,F8061,CWTA,71612099999"
"Montr�al, QC, Canada",2025-05-22T10:00:00,10.7,10.7,3.9,62.59,0,0,,0,0,35.3,7.8,100,1014.7,98.8,17.1,153,0.6,2,10,Overcast,cloudy,"71627094792,71377099999,71371099999,CWIZ,F8061,CWTA,71612099999"
"Montr�al, QC, Canada",2025-05-22T11:00:00,11.4,11.4,4,60.57,0,0,,0,0,33.5,5.7,120,1014.6,100,17.1,249,0.9,2,10,Overcast,cloudy,"71627094792,71377099999,71371099999,CWIZ,F8061,CWTA,71612099999"
"Montr�al, QC, Canada",2025-05-22T12:00:00,11.1,11.1,4.1,62.09,0,0,,0,0,35.3,5.8,100,1014.6,100,17.1,483,1.7,5,10,Overcast,cloudy,"71627094792,71377099999,71371099999,CWIZ,F8061,CWTA,71612099999"
"Montr�al, QC, Canada",2025-05-22T13:00:00,11.9,11.9,4.7,61.66,0,0,,0,0,47.5,7.8,120,1014.1,100,17.1,388,1.4,4,10,Overcast,cloudy,"71627094792,71377099999,71371099999,CWIZ,F8061,CWTA,71612099999"
"Montr�al, QC, Canada",2025-05-22T14:00:00,11.8,11.8,5.1,63.5,0.005,100,rain,0,0,49.3,3.9,165,1013.7,93.1,18.5,241,0.9,2,10,"Rain, Overcast",rain,"71627094792,71377099999,71371099999,CWIZ,F8061,CWTA,71612099999"
"Montr�al, QC, Canada",2025-05-22T15:00:00,11,11,6.6,74.56,0.295,100,rain,0,0,45.4,5.6,130,1013.6,100,17.1,226,0.8,2,10,"Rain, Overcast",rain,"71627094792,71377099999,71371099999,CWIZ,F8061,CWTA,71612099999"
"Montr�al, QC, Canada",2025-05-22T16:00:00,10.8,10.8,5.9,71.38,0,0,,0,0,33.5,7.7,130,1013.5,100,17.1,225,0.8,2,10,Overcast,cloudy,"71627094792,71377099999,71371099999,CWIZ,F8061,CWTA,71612099999"
"Montr�al, QC, Canada",2025-05-22T17:00:00,9.8,9.4,7.3,84.34,0.174,100,rain,0,0,43.6,5.8,140,1013.9,100,18.5,145,0.5,1,10,"Rain, Overcast",rain,"71627094792,71377099999,71371099999,CWIZ,F8061,CWTA,71612099999"
"Montr�al, QC, Canada",2025-05-22T18:00:00,9,8.4,5.5,78.76,0.253,100,rain,0,0,38.9,5.7,169,1014,100,17.1,72,0.3,1,10,"Rain, Overcast",rain,"71627094792,71377099999,71371099999,CWIZ,F8061,CWTA,71612099999"
"Montr�al, QC, Canada",2025-05-22T19:00:00,8.9,8.3,5.9,81.48,0.001,100,rain,0,0,37.1,5.6,110,1013.8,100,17.1,50,0.2,1,10,"Rain, Overcast",rain,"71627094792,71377099999,71371099999,CWIZ,F8061,CWTA,71612099999"
"Montr�al, QC, Canada",2025-05-22T20:00:00,9,8.4,5.9,80.71,0.187,100,rain,0,0,35.6,5.6,11,1013.7,100,18.5,7,0,0,10,"Rain, Overcast",rain,"71627094792,71377099999,71371099999,CWIZ,F8061,CWTA,71612099999"
"Montr�al, QC, Canada",2025-05-22T21:00:00,9.2,8.7,5.7,78.8,0,0,,0,0,34.6,5.7,70,1013.3,100,17.1,0,0,0,10,Overcast,cloudy,"71627094792,71377099999,71371099999,CWIZ,F8061,CWTA,71612099999"
"Montr�al, QC, Canada",2025-05-22T22:00:00,9.3,9.3,5.7,78.05,0,0,,0,0,31.7,3.9,90,1013,100,17.1,0,0,0,10,Overcast,cloudy,"71627094792,71377099999,71371099999,CWIZ,F8061,CWTA,71612099999"
"Montr�al, QC, Canada",2025-05-22T23:00:00,9.2,8.7,5.3,76.82,0,0,,0,0,30.2,5.6,110,1012.7,100,18.5,0,0,0,10,Overcast,cloudy,"71627094792,71377099999,71371099999,CWIZ,F8061,CWTA,71612099999"
"Montr�al, QC, Canada",2025-05-23T00:00:00,8.9,7.7,3.4,68.52,0,0,,0,0,27.4,7.7,100,1012.4,100,17.1,0,0,0,10,Overcast,cloudy,"71627094792,71377099999,71371099999,CWIZ,F8061,CWTA,71612099999"
"Montr�al, QC, Canada",2025-05-23T01:00:00,8.6,8.1,4.1,73.4,0,0,,0,0,23.8,5.6,129,1012.1,100,17.1,0,0,0,10,Overcast,cloudy,"71627094792,71377099999,71371099999,CWIZ,F8061,CWTA,71612099999"
"Montr�al, QC, Canada",2025-05-23T02:00:00,8.3,7.7,4.2,74.91,0,0,,0,0,21.6,5.6,41,1011.6,100,18.5,0,0,0,10,Overcast,cloudy,"71627094792,71377099999,71371099999,CWIZ,F8061,CWTA,71612099999"
"Montr�al, QC, Canada",2025-05-23T03:00:00,7.9,7.9,5.2,83.06,0,0,,0,0,18.7,3.7,60,1010.8,100,17.1,0,0,0,10,Overcast,cloudy,"71627094792,71377099999,71371099999,CWIZ,F8061,CWTA,71612099999"
"Montr�al, QC, Canada",2025-05-23T04:00:00,7.7,6.4,5.9,88.01,0,0,,0,0,20.2,7.7,11,1010.3,100,17.1,0,0,0,10,Overcast,cloudy,"71627094792,71377099999,71371099999,CWIZ,F8061,CWTA,71612099999"
"Montr�al, QC, Canada",2025-05-23T05:00:00,7.8,6.6,5.9,87.21,0,0,,0,0,23,7.7,21,1010.3,100,18.5,0,0,0,10,Overcast,cloudy,"71627094792,71377099999,71371099999,CWIZ,F8061,CWTA,71612099999"
"Montr�al, QC, Canada",2025-05-23T06:00:00,7.9,6.6,6,87.69,0,0,,0,0,25.2,7.7,21,1009.9,100,17.1,14,0.1,0,10,Overcast,cloudy,"71627094792,71377099999,71371099999,CWIZ,F8061,CWTA,71612099999"
"Montr�al, QC, Canada",2025-05-23T07:00:00,8.1,6.9,6.2,87.55,0,0,,0,0,28.1,7.7,20,1009.8,100,17.1,40,0.1,0,10,Overcast,cloudy,"71627094792,71377099999,71371099999,CWIZ,F8061,CWTA,71612099999"
"Montr�al, QC, Canada",2025-05-23T08:00:00,8.5,7.9,6.2,85.19,0.002,100,rain,0,0,30.2,5.6,30,1009.2,100,18.5,95,0.3,1,10,"Rain, Overcast",rain,"71627094792,71377099999,71371099999,CWIZ,F8061,CWTA,71612099999"
"Montr�al, QC, Canada",2025-05-23T09:00:00,8.9,7.4,5.9,81.51,0,0,,0,0,35.6,9.5,21,1009.2,100,17.1,85,0.3,1,10,Overcast,cloudy,"71627094792,71377099999,71371099999,CWIZ,F8061,CWTA,71612099999"
"Montr�al, QC, Canada",2025-05-23T10:00:00,9,7.9,5.9,80.95,0,0,,0,0,36.4,7.7,21,1008.7,100,17.1,113,0.4,1,10,Overcast,cloudy,"71627094792,71377099999,71371099999,CWIZ,F8061,CWTA,71612099999"
"Montr�al, QC, Canada",2025-05-23T11:00:00,9.4,8,5.9,79.14,0,0,,0,0,38.2,9.5,31,1008.6,100,18.5,214,0.8,2,10,Overcast,cloudy,"71627094792,71377099999,71371099999,CWIZ,F8061,CWTA,71612099999"
"Montr�al, QC, Canada",2025-05-23T12:00:00,8.9,7.7,6.8,87.12,0,0,,0,0,37.8,7.8,11,1008.5,100,17.1,129,0.5,1,10,Overcast,cloudy,"71627094792,71377099999,71371099999,CWIZ,F8061,CWTA,71612099999"
"Montr�al, QC, Canada",2025-05-23T13:00:00,8.9,7.8,6.4,84.26,0,0,,0,0,34.6,7.7,30,1008.6,100,17.1,294,1.1,3,10,Overcast,cloudy,"71627094792,71377099999,71371099999,CWIZ,F8061,CWTA,71612099999"
"Montr�al, QC, Canada",2025-05-23T14:00:00,8.8,7.3,6.8,87.26,0.089,100,rain,0,0,32,9.5,30,1008.7,100,18.5,201,0.7,2,10,"Rain, Overcast",rain,"71627094792,71377099999,71371099999,CWIZ,F8061,CWTA,71612099999"
"Montr�al, QC, Canada",2025-05-23T15:00:00,8.7,8.1,7,89.29,1.037,100,rain,0,0,28.1,5.5,21,1008.8,100,15.6,184,0.7,2,10,"Rain, Overcast",rain,"71627094792,71377099999,71371099999,CWIZ,F8061,CWTA,71612099999"
"Montr�al, QC, Canada",2025-05-23T16:00:00,8.2,7,6.7,89.87,1.487,100,rain,0,0,25.6,7.7,20,1009,100,13.7,163,0.6,2,10,"Rain, Overcast",rain,"71627094792,71377099999,71371099999,CWIZ,F8061,CWTA,71612099999"
"Montr�al, QC, Canada",2025-05-23T17:00:00,7.9,7.2,6.2,89.01,0.45,100,rain,0,0,22.3,5.6,30,1009.2,100,13.8,115,0.4,1,10,"Rain, Overcast",rain,"71627094792,71377099999,71371099999,CWIZ,F8061,CWTA,71612099999"
"Montr�al, QC, Canada",2025-05-23T18:00:00,7.7,6.4,6.2,89.9,0.543,100,rain,0,0,22.3,7.6,30,1009.5,100,12.8,51,0.2,1,10,"Rain, Overcast",rain,"71627094792,71377099999,71371099999,CWIZ,F8061,CWTA,71612099999"
"Montr�al, QC, Canada",2025-05-23T19:00:00,8,7.3,6.8,92.31,0.426,100,rain,0,0,20.9,5.5,360,1009.5,100,12.8,27,0.1,0,10,"Rain, Overcast",rain,"71627094792,71377099999,71371099999,CWIZ,F8061,CWTA,71612099999"
"Montr�al, QC, Canada",2025-05-23T20:00:00,8,7.3,7,93.4,0.189,100,rain,0,0,19.4,5.5,350,1009.8,100,16,5,0,0,10,"Rain, Overcast",rain,"71627094792,71377099999,71371099999,CWIZ,F8061,CWTA,71612099999"
"Montr�al, QC, Canada",2025-05-23T21:00:00,7.9,6.6,7.1,95.31,0.749,100,rain,0,0,17.6,7.7,360,1009.8,100,12.6,0,0,0,10,"Rain, Overcast",rain,"71627094792,71377099999,71371099999,CWIZ,F8061,CWTA,71612099999"
"Montr�al, QC, Canada",2025-05-23T22:00:00,7.8,6.6,7,94.33,0.258,100,rain,0,0,18.7,7.6,10,1009.8,100,17.1,0,0,0,10,"Rain, Overcast",rain,"71627094792,71377099999,71371099999,CWIZ,F8061,CWTA,71612099999"
"Montr�al, QC, Canada",2025-05-23T23:00:00,7.6,6.4,7,95.61,0.169,100,rain,0,0,21.2,7.6,360,1009.8,100,18.5,0,0,0,10,"Rain, Overcast",rain,"71627094792,71377099999,71371099999,CWIZ,F8061,CWTA,71612099999"
"Montr�al, QC, Canada",2025-05-24T00:00:00,7.7,6,7.1,96.29,0.253,100,rain,0,0,23.8,9.3,360,1009.5,100,15.6,0,0,0,10,"Rain, Overcast",rain,"71627094792,71377099999,71371099999,CWIZ,F8061,CWTA,71612099999"
"Montr�al, QC, Canada",2025-05-24T01:00:00,7.5,6.2,6.9,95.67,0.253,100,rain,0,0,24.5,7.6,360,1009.6,100,14.6,0,0,0,10,"Rain, Overcast",rain,"71627094792,71377099999,71371099999,CWIZ,F8061,CWTA,71612099999"
"Montr�al, QC, Canada",2025-05-24T02:00:00,7,5.6,6.2,94.75,0.027,100,rain,0,0,23.4,7.6,360,1009.7,100,18.5,0,0,0,10,"Rain, Overcast",rain,"71627094792,71377099999,71371099999,CWIZ,F8061,CWTA,71612099999"
"Montr�al, QC, Canada",2025-05-24T03:00:00,7,5.6,6,93.36,0,0,,0,0,19.1,7.6,360,1009.7,96.8,17.1,0,0,0,10,Overcast,cloudy,"71627094792,71377099999,71371099999,CWIZ,F8061,CWTA,71612099999"
"Montr�al, QC, Canada",2025-05-24T04:00:00,6.9,5,5.7,92.09,0,0,,0,0,18.4,9.4,360,1009.8,98.8,17.1,0,0,0,10,Overcast,cloudy,"71627094792,71377099999,71371099999,CWIZ,F8061,CWTA,71612099999"
"Montr�al, QC, Canada",2025-05-24T05:00:00,6.6,4.8,5.4,91.44,0,0,,0,0,18.4,9.4,360,1010.2,100,18.5,0,0,0,10,Overcast,cloudy,"71627094792,71377099999,71371099999,CWIZ,F8061,CWTA,71612099999"
"Montr�al, QC, Canada",2025-05-24T06:00:00,6.8,5.4,5,88.44,0,0,,0,0,16.9,7.6,360,1010.6,94.8,17.1,25,0.1,0,10,Overcast,cloudy,"71627094792,71377099999,71371099999,CWIZ,F8061,CWTA,71612099999"
"Montr�al, QC, Canada",2025-05-24T07:00:00,6.9,5.4,5.4,90.19,0,0,,0,0,14.4,7.6,360,1011.1,100,17.1,67,0.2,1,10,Overcast,cloudy,"71627094792,71377099999,71371099999,CWIZ,F8061,CWTA,71612099999"
"Montr�al, QC, Canada",2025-05-24T08:00:00,7.7,7,5.7,86.83,0.004,100,rain,0,0,14.8,5.4,330,1011.3,100,18.5,142,0.5,1,10,"Rain, Overcast",rain,"71627094792,71377099999,71371099999,CWIZ,F8061,CWTA,71612099999"
"Montr�al, QC, Canada",2025-05-24T09:00:00,8.2,6.9,5,80.54,0,0,,0,0,15.8,7.6,340,1011.7,100,17.1,291,1,3,10,Overcast,cloudy,"71627094792,71377099999,71371099999,CWIZ,F8061,CWTA,71612099999"
"Montr�al, QC, Canada",2025-05-24T10:00:00,8.2,7,5.7,84.23,0,0,,0,0,18.7,7.6,330,1011.7,100,17.1,258,0.9,3,10,Overcast,cloudy,"71627094792,71377099999,71371099999,CWIZ,F8061,CWTA,71612099999"
"Montr�al, QC, Canada",2025-05-24T11:00:00,8.7,8.7,4.9,76.78,0,0,,0,0,21.2,3.7,340,1011.6,100,18.5,117,0.4,1,10,Overcast,cloudy,"71627094792,71377099999,71371099999,CWIZ,F8061,CWTA,71612099999"
"Montr�al, QC, Canada",2025-05-24T12:00:00,9,8.5,5.9,80.71,0.449,100,rain,0,0,22.3,5.5,350,1011.6,100,14.6,250,0.9,3,10,"Rain, Overcast",rain,"71627094792,71377099999,71371099999,CWIZ,F8061,CWTA,71612099999"
"Montr�al, QC, Canada",2025-05-24T13:00:00,9.5,8.2,5.9,78.02,0,0,,0,0,23.8,9.3,330,1011.7,100,17.1,484,1.7,5,10,Overcast,cloudy,"71627094792,71377099999,71371099999,CWIZ,F8061,CWTA,71612099999"
"Montr�al, QC, Canada",2025-05-24T14:00:00,10.2,10.2,5.5,72.64,0.009,100,rain,0,0,25.2,7.6,320,1011.9,100,18.5,326,1.2,3,10,"Rain, Overcast",rain,"71627094792,71377099999,71371099999,CWIZ,F8061,CWTA,71612099999"
"Montr�al, QC, Canada",2025-05-24T15:00:00,10.9,10.9,6,71.75,0,0,,0,0,23,7.6,359,1011.8,100,17.1,256,0.9,3,10,Overcast,cloudy,"71627094792,71377099999,71371099999,CWIZ,F8061,CWTA,71612099999"
"Montr�al, QC, Canada",2025-05-24T16:00:00,10.5,10.5,7.8,83.59,0,0,,0,0,22.7,2,339,1012.3,100,17.1,207,0.7,2,10,Overcast,cloudy,"71627094792,71377099999,71371099999,CWIZ,F8061,CWTA,71612099999"
"Montr�al, QC, Canada",2025-05-24T17:00:00,10.6,10.6,7.4,80.09,0,0,,0,0,19.4,5.5,349,1012.9,100,18.5,85,0.3,1,10,Overcast,cloudy,"71627094792,71377099999,71371099999,CWIZ,F8061,CWTA,71612099999"
"Montr�al, QC, Canada",2025-05-24T18:00:00,9.8,8.9,7.9,87.4,1.821,100,rain,0,0,14.4,7.6,360,1013.7,100,11.5,82,0.3,1,10,"Rain, Overcast",rain,"71627094792,71377099999,71371099999,CWIZ,F8061,CWTA,71612099999"
"Montr�al, QC, Canada",2025-05-24T19:00:00,9.5,8.5,7.7,88.28,0.301,100,rain,0,0,10.4,7.6,10,1014.4,100,12.8,43,0.2,0,10,"Rain, Overcast",rain,"71627094792,71377099999,71371099999,CWIZ,F8061,CWTA,71612099999"
"Montr�al, QC, Canada",2025-05-24T20:00:00,9.4,8.9,7.9,90.37,0.312,100,rain,0,0,12.2,5.4,9,1014.7,100,16,10,0,0,10,"Rain, Overcast",rain,"71627094792,71377099999,71371099999,CWIZ,F8061,CWTA,71612099999"
"Montr�al, QC, Canada",2025-05-24T21:00:00,9,9,8,93.46,0.084,100,rain,0,0,11.2,3.6,330,1014.8,87,15.6,0,0,0,10,"Rain, Partially cloudy",rain,"71627094792,71377099999,71371099999,CWIZ,F8061,CWTA,71612099999"
"Montr�al, QC, Canada",2025-05-24T22:00:00,9.1,8.7,7.9,91.62,0.253,100,rain,0,0,10.8,5.4,310,1014.8,77,17.1,0,0,0,10,"Rain, Partially cloudy",rain,"71627094792,71377099999,71371099999,CWIZ,F8061,CWTA,71612099999"
"Montr�al, QC, Canada",2025-05-24T23:00:00,9.2,8.7,7.7,90.41,0.002,100,rain,0,0,11.2,5.4,300,1014.8,90,18.5,0,0,0,10,"Rain, Partially cloudy",rain,"71627094792,71377099999,71371099999,CWIZ,F8061,CWTA,71612099999"
"Montr�al, QC, Canada",2025-05-25T00:00:00,8.7,8.7,7.2,90.33,0,0,,0,0,10.8,3.7,310,1014.9,49,17.1,0,0,0,10,Partially cloudy,partly-cloudy-night,"71627094792,71377099999,71371099999,CWIZ,F8061,CWTA,71612099999"
"Montr�al, QC, Canada",2025-05-25T01:00:00,8.6,7.5,6.9,88.53,0,0,,0,0,10.8,7.6,300,1015,49,17.1,0,0,0,10,Partially cloudy,partly-cloudy-night,"71627094792,71377099999,71371099999,CWIZ,F8061,CWTA,71612099999"
"Montr�al, QC, Canada",2025-05-25T02:00:00,8.8,7.7,6.9,87.36,0.009,100,rain,0,0,12.2,7.6,290,1014.9,96.9,18.5,0,0,0,10,"Rain, Overcast",rain,"71627094792,71377099999,71371099999,CWIZ,F8061,CWTA,71612099999"
"Montr�al, QC, Canada",2025-05-25T03:00:00,8.7,7.2,6.4,85.29,0,0,,0,0,11.9,9.4,300,1015,49,17.1,0,0,0,10,Partially cloudy,partly-cloudy-night,"71627094792,71377099999,71371099999,CWIZ,F8061,CWTA,71612099999"
"Montr�al, QC, Canada",2025-05-25T04:00:00,9.2,7.8,5.9,79.75,0,0,,0,0,11.9,9.4,300,1015.4,49,17.1,0,0,0,10,Partially cloudy,partly-cloudy-night,"71627094792,71377099999,71371099999,CWIZ,F8061,CWTA,71612099999"
"Montr�al, QC, Canada",2025-05-25T05:00:00,9.1,7.7,5.7,78.91,0,0,,0,0,13.3,9.4,320,1015.9,100,18.5,1,0,0,10,Overcast,cloudy,"71627094792,71377099999,71371099999,CWIZ,F8061,CWTA,71612099999"
"Montr�al, QC, Canada",2025-05-25T06:00:00,8.8,7.4,5.7,80.79,0,0,,0,0,13,9.4,320,1016.6,59,17.1,44,0.2,0,10,Partially cloudy,partly-cloudy-day,"71627094792,71377099999,71371099999,CWIZ,F8061,CWTA,71612099999"
"Montr�al, QC, Canada",2025-05-25T07:00:00,9.2,7.8,5.9,79.6,0,0,,0,0,13,9.4,340,1017,51,24.5,152,0.5,2,10,Partially cloudy,partly-cloudy-day,"71627094792,71377099999,71371099999,CWIZ,F8061,CWTA,71612099999"
"Montr�al, QC, Canada",2025-05-25T08:00:00,10.4,10.4,6,74.43,0,0,,0,0,14.4,9.4,340,1017.3,90,25,468,1.7,5,10,Partially cloudy,partly-cloudy-day,"71627094792,71377099999,71371099999,CWIZ,F8061,CWTA,71612099999"
"Montr�al, QC, Canada",2025-05-25T09:00:00,12,12,6.1,66.76,0,0,,0,0,14.4,9.4,360,1017.5,47,24.5,454,1.6,5,10,Partially cloudy,partly-cloudy-day,"71627094792,71377099999,71371099999,CWIZ,F8061,CWTA,71612099999"
"Montr�al, QC, Canada",2025-05-25T10:00:00,13.7,13.7,5.7,58.31,0,0,,0,0,16.2,9.4,10,1017.4,42,24.5,408,1.5,4,10,Partially cloudy,partly-cloudy-day,"71627094792,71377099999,71371099999,CWIZ,F8061,CWTA,71612099999"
"Montr�al, QC, Canada",2025-05-25T11:00:00,14.1,14.1,5.2,54.74,0,0,,0,0,16.6,11.3,360,1017.4,87.6,25,736,2.6,7,10,Partially cloudy,partly-cloudy-day,"71627094792,71377099999,71371099999,CWIZ,F8061,CWTA,71612099999"
"Montr�al, QC, Canada",2025-05-25T12:00:00,15.4,15.4,5.7,52.49,0,0,,0,0,16.6,9.5,360,1017.2,53,24.5,761,2.7,8,10,Partially cloudy,partly-cloudy-day,"71627094792,71377099999,71371099999,CWIZ,F8061,CWTA,71612099999"
"Montr�al, QC, Canada",2025-05-25T13:00:00,16.2,16.2,5.4,48.82,0,0,,0,0,16.6,3.8,79,1016.7,65,24.5,1083,3.9,10,10,Partially cloudy,partly-cloudy-day,"71627094792,71377099999,71371099999,CWIZ,F8061,CWTA,71612099999"
"Montr�al, QC, Canada",2025-05-25T14:00:00,17,17,6.7,50.75,0,0,,0,0,18.7,3.8,9,1016.7,93.8,25,162,0.6,2,10,Overcast,cloudy,"71627094792,71377099999,71371099999,CWIZ,F8061,CWTA,71612099999"
"Montr�al, QC, Canada",2025-05-25T15:00:00,16,16,7.1,55.22,0,0,,0,0,33.5,7.6,260,1017.3,58,13.7,261,0.9,3,10,Partially cloudy,partly-cloudy-day,"71627094792,71377099999,71371099999,CWIZ,F8061,CWTA,71612099999"
"Montr�al, QC, Canada",2025-05-25T16:00:00,15.5,15.5,8.9,64.6,0.01,100,rain,0,0,15.8,5.5,191,1017,63,17.1,276,1,3,10,"Rain, Partially cloudy",rain,"71627094792,71377099999,71371099999,CWIZ,F8061,CWTA,71612099999"
"Montr�al, QC, Canada",2025-05-25T17:00:00,15,15,8.9,66.71,0,0,,0,0,13.7,5.5,240,1016.9,90,16.9,190,0.7,2,10,Partially cloudy,partly-cloudy-day,"71627094792,71377099999,71371099999,CWIZ,F8061,CWTA,71612099999"
"Montr�al, QC, Canada",2025-05-25T18:00:00,15.3,15.3,8.8,65.22,0.001,100,rain,0,0,11.2,2,127,1017.3,49,11.5,196,0.7,2,10,"Rain, Partially cloudy",rain,"71627094792,71377099999,71371099999,CWIZ,F8061,CWTA,71612099999"
"Montr�al, QC, Canada",2025-05-25T19:00:00,14.5,14.5,8.2,66.05,0.002,100,rain,0,0,9.4,3.8,280,1017.2,48,17.1,96,0.3,1,10,"Rain, Partially cloudy",rain,"71627094792,71377099999,71371099999,CWIZ,F8061,CWTA,71612099999"
"Montr�al, QC, Canada",2025-05-25T20:00:00,13.7,13.7,7.9,68.06,0.005,100,rain,0,0,7.2,5.5,290,1017.8,59.3,18.5,20,0.1,0,10,"Rain, Partially cloudy",rain,"71627094792,71377099999,71371099999,CWIZ,F8061,CWTA,71612099999"
"Montr�al, QC, Canada",2025-05-25T21:00:00,13,13,8.9,76.11,0,0,,0,0,6.8,5.4,270,1018.3,57,17.1,0,0,0,10,Partially cloudy,partly-cloudy-night,"71627094792,71377099999,71371099999,CWIZ,F8061,CWTA,71612099999"
"Montr�al, QC, Canada",2025-05-25T22:00:00,12.8,12.8,8.9,76.78,0,0,,0,0,6.1,9.3,280,1018.8,44,17.1,0,0,0,3,Partially cloudy,partly-cloudy-night,"71627094792,71377099999,71371099999,CWIZ,F8061,CWTA,71612099999"
"Montr�al, QC, Canada",2025-05-25T23:00:00,12.8,12.8,9,77.22,0,0,,0,0,6.1,9.3,280,1018.9,61,16.3,0,0,0,10,Partially cloudy,partly-cloudy-night,"CWIZ,F8061,CWTA"
"Montr�al, QC, Canada",2025-05-26T00:00:00,12.9,12.9,8.8,75.78,0,0,,0,0,6.1,11.1,279,1019,56,16.3,0,0,0,3,Partially cloudy,partly-cloudy-night,"CWVQ,CWIT,CWEW,CWIZ,F8061,CWTA"
"Montr�al, QC, Canada",2025-05-26T01:00:00,13.3,13.3,8.2,71.38,0,0,,0,0,5.8,9.3,300,1019.1,43,17.1,0,0,0,10,Partially cloudy,partly-cloudy-night,"71627094792,71377099999,71371099999,CWIZ,F8061,CWTA,71612099999"
"Montr�al, QC, Canada",2025-05-26T02:00:00,12.5,12.5,9,79.47,0,0,,0,0,5.8,7.5,288,1019.1,86.9,18.5,0,0,0,10,Partially cloudy,partly-cloudy-night,"71627094792,71377099999,71371099999,CWIZ,F8061,CWTA,71612099999"
"Montr�al, QC, Canada",2025-05-26T03:00:00,12.3,12.3,8.9,79.47,0,0,,0,0,5.8,3.6,308,1019.1,0,17.1,0,0,0,3,Clear,clear-night,"71627094792,71377099999,71371099999,CWIZ,F8061,CWTA,71612099999"
"Montr�al, QC, Canada",2025-05-26T04:00:00,11.7,11.7,9.4,85.88,0,0,,0,0,5.8,5.4,291,1019.3,35,16.3,0,0,0,10,Partially cloudy,partly-cloudy-night,"CWVQ,CWIT,CWEW,CWIZ,F8061,CWTA"
"Montr�al, QC, Canada",2025-05-26T05:00:00,11.1,11.1,9.3,88.83,0,0,,0,0,5.8,3.6,220,1020,57,9.5,2,0,0,10,Partially cloudy,partly-cloudy-night,"71627094792,71377099999,71371099999,CWIZ,F8061,CWTA,71612099999"
"Montr�al, QC, Canada",2025-05-26T06:00:00,10.9,10.9,9.6,91.47,0,0,,0,0,5.8,1.8,250,1020.5,0,17.1,35,0.1,0,10,Clear,clear-day,"71627094792,71377099999,71371099999,CWIZ,F8061,CWTA,71612099999"
"Montr�al, QC, Canada",2025-05-26T07:00:00,13,13,9.8,81.08,0,0,,0,0,5.8,3.6,80,1021.2,0,17.1,216,0.8,2,10,Clear,clear-day,"71627094792,71377099999,71371099999,CWIZ,F8061,CWTA,71612099999"
"Montr�al, QC, Canada",2025-05-26T08:00:00,14.3,14.3,9.5,72.82,0,0,,0,0,9,3.6,151,1021.6,49,18.5,411,1.5,4,10,Partially cloudy,partly-cloudy-day,"71627094792,71377099999,71371099999,CWIZ,F8061,CWTA,71612099999"
"Montr�al, QC, Canada",2025-05-26T09:00:00,15.3,15.3,9.7,69.22,0,0,,0,0,9,5.5,171,1022.1,35,24.5,609,2.2,6,10,Partially cloudy,partly-cloudy-day,"71627094792,71377099999,71371099999,CWIZ,F8061,CWTA,71612099999"
"Montr�al, QC, Canada",2025-05-26T10:00:00,16.8,16.8,9.7,62.9,0,0,,0,0,10.4,5.5,171,1022.2,0,24.5,753,2.7,8,10,Clear,clear-day,"71627094792,71377099999,71371099999,CWIZ,F8061,CWTA,71612099999"
"Montr�al, QC, Canada",2025-05-26T11:00:00,18.2,18.2,8.9,54.53,0,0,,0,0,10.4,7.6,171,1022.3,0,24.5,884,3.2,9,10,Clear,clear-day,"71627094792,71377099999,71371099999,CWIZ,F8061,CWTA,71612099999"
"Montr�al, QC, Canada",2025-05-26T12:00:00,19.7,19.7,8.2,47.52,0,0,,0,0,11.2,5.5,142,1022.2,0,17.1,926,3.3,9,10,Clear,clear-day,"71627094792,71377099999,71371099999,CWIZ,F8061,CWTA,71612099999"
"Montr�al, QC, Canada",2025-05-26T13:00:00,20.4,20.4,5.6,37.97,0,0,,0,0,13.3,7.6,171,1022.1,0,24.5,931,3.4,9,10,Clear,clear-day,"71627094792,71377099999,71371099999,CWIZ,F8061,CWTA,71612099999"
"Montr�al, QC, Canada",2025-05-26T14:00:00,20.9,20.9,2.9,30.57,0,0,,0,0,13.3,9.4,220,1021.9,3,25.9,882,3.2,9,10,Clear,clear-day,"71627094792,71377099999,71371099999,CWIZ,F8061,CWTA,71612099999"
"Montr�al, QC, Canada",2025-05-26T15:00:00,21.8,21.8,3.5,30.11,0,0,,0,0,14,5.5,239,1021.7,0,24.5,771,2.8,8,10,Clear,clear-day,"71627094792,71377099999,71371099999,CWIZ,F8061,CWTA,71612099999"
"Montr�al, QC, Canada",2025-05-26T16:00:00,15.9,15.9,8.4,60.94,0.983,100,rain,0,0,100,16.5,202,1022.6,19,12.8,82,0.3,1,10,Rain,rain,"71627094792,71377099999,71371099999,CWIZ,F8061,CWTA,71612099999"
"Montr�al, QC, Canada",2025-05-26T17:00:00,17.9,17.9,11.8,67.61,0,0,,0,0,13,1.3,240,1022,93.8,18.5,276,1,3,3,Overcast,cloudy,"71627094792,71377099999,71371099999,CWIZ,F8061,CWTA,71612099999"
"Montr�al, QC, Canada",2025-05-26T18:00:00,18.2,18.2,8.4,52.52,0,0,,0,0,11.5,5.7,211,1022,53,17.1,301,1.1,3,10,Partially cloudy,partly-cloudy-day,"71627094792,71377099999,71371099999,CWIZ,F8061,CWTA,71612099999"
"Montr�al, QC, Canada",2025-05-26T19:00:00,18.2,18.2,7.7,50.36,0,0,,0,0,11.2,5.6,240,1022,49,17.1,121,0.4,1,3,Partially cloudy,partly-cloudy-day,"71627094792,71377099999,71371099999,CWIZ,F8061,CWTA,71612099999"
"Montr�al, QC, Canada",2025-05-26T20:00:00,17.1,17.1,7.8,54.24,0.032,100,rain,0,0,11.2,7.6,259,1022.4,30,18.5,22,0.1,0,3,"Rain, Partially cloudy",rain,"71627094792,71377099999,71371099999,CWIZ,F8061,CWTA,71612099999"
"Montr�al, QC, Canada",2025-05-26T21:00:00,16.8,16.8,7.4,53.61,0,0,,0,0,10.4,7.7,270,1022.7,20,17.1,0,0,0,3,Clear,clear-night,"71627094792,71377099999,71371099999,CWIZ,F8061,CWTA,71612099999"
"Montr�al, QC, Canada",2025-05-26T22:00:00,17.1,17.1,6.4,49.19,0,0,,0,0,10.1,9.3,270,1023.1,19,16.3,0,0,0,5,Clear,clear-night,"CWVQ,CWIT,CWEW,CWIZ,F8061,CWTA"
"Montr�al, QC, Canada",2025-05-26T23:00:00,16.1,16.1,7.4,56.1,0,0,,0,0,11.5,5.4,230,1023.2,27,16.3,0,0,0,10,Partially cloudy,partly-cloudy-night,"CWVQ,CWIT,CWEW,CWIZ,F8061,CWTA"
"Montr�al, QC, Canada",2025-05-27T00:00:00,15.9,15.9,7,55.31,0,0,,0,0,11.5,5.4,170,1023.4,25,16.3,0,0,0,10,Partially cloudy,partly-cloudy-night,"CWVQ,CWIT,CWEW,CWIZ,F8061,CWTA"
"Montr�al, QC, Canada",2025-05-27T01:00:00,14.9,14.9,7,58.95,0,0,,0,0,11.5,5.4,180,1023.6,14,16.3,0,0,0,10,Clear,clear-night,"CWVQ,CWIT,CWEW,CWIZ,F8061,CWTA"
"Montr�al, QC, Canada",2025-05-27T02:00:00,14.3,14.3,7.5,63.38,0,0,,0,0,14.4,5.4,221,1023.5,10,16.3,0,0,0,10,Clear,clear-night,"CWVQ,CWIT,CWEW,CWIZ,F8061,CWTA"
"Montr�al, QC, Canada",2025-05-27T03:00:00,13.9,13.9,8.9,71.97,0,0,,0,0,13,11.1,250,1023.4,5,16.3,0,0,0,10,Clear,clear-night,"CWVQ,CWIT,CWEW,CWIZ,F8061,CWTA"
"Montr�al, QC, Canada",2025-05-27T04:00:00,12.8,12.8,8.6,75.72,0,0,,0,0,13,9.3,260,1023.9,7,16.3,0,0,0,10,Clear,clear-night,"CWVQ,CWIT,CWEW,CWIZ,F8061,CWTA"
"Montr�al, QC, Canada",2025-05-27T05:00:00,12.7,12.7,8.6,76.23,0,0,,0,0,14.4,11.1,240,1024.3,10,16.3,2,0,0,10,Clear,clear-night,"CWVQ,CWIT,CWEW,CWIZ,F8061,CWTA"
"Montr�al, QC, Canada",2025-05-27T06:00:00,12.6,12.6,8.7,77.24,0,0,,0,0,13,11.1,240,1024.9,9,16.3,35,0.1,0,10,Clear,clear-day,"CWVQ,CWIT,CWEW,CWIZ,F8061,CWTA"
"Montr�al, QC, Canada",2025-05-27T07:00:00,13.6,13.6,9,73.34,0,0,,0,0,13,5.4,160,1025.5,4,16.2,217,0.8,2,10,Clear,clear-day,"CWVQ,CWIT,CWEW,CWIZ,F8061,CWTA"
"Montr�al, QC, Canada",2025-05-27T08:00:00,15.2,15.2,9.7,69.3,0,0,,0,0,13,3.6,180,1026,2,16.2,408,1.5,4,10,Clear,clear-day,"CWVQ,CWIT,CWEW,CWIZ,F8061,CWTA"
"Montr�al, QC, Canada",2025-05-27T09:00:00,16.8,16.8,9.9,63.39,0,0,,0,0,11.5,5.4,200,1026.3,1,16.2,590,2.1,6,10,Clear,clear-day,"CWVQ,CWIT,CWEW,F8061,CWTA"
"Montr�al, QC, Canada",2025-05-27T10:00:00,18.2,18.2,9,54.65,0,0,,0,0,13,3.6,270,1026.2,2,16.3,658,2.4,7,5,Clear,clear-day,"CWVQ,CWIT,CWEW,F8061,CWTA"
"Montr�al, QC, Canada",2025-05-27T11:00:00,20.2,20.2,9.4,49.88,0,0,,0,0,11.9,7.6,141,1025.9,2,16.3,856,3.1,9,5,Clear,clear-day,"CWVQ,CWIT,CWEW,CWIZ,F8061,CWTA"
"Montr�al, QC, Canada",2025-05-27T12:00:00,21.9,21.9,8.9,43.2,0,0,,0,0,13.7,5.4,200,1025.6,1,16.3,920,3.3,9,3,Clear,clear-day,"CWVQ,CWIT,CWEW,CWIZ,F8061,CWTA"
"Montr�al, QC, Canada",2025-05-27T13:00:00,23.6,23.6,9.7,41.09,0,0,,0,0,15.1,5.4,190,1025.1,4,16.2,923,3.3,9,10,Clear,clear-day,"CWVQ,CWIT,CWEW,CWIZ,F8061,CWTA"
"Montr�al, QC, Canada",2025-05-27T14:00:00,24,24,8,35.96,0,0,,0,0,15.8,5.4,220,1024.7,4,16.3,871,3.1,9,10,Clear,clear-day,"CWVQ,CWIT,CWEW,CWIZ,F8061,CWTA"
"Montr�al, QC, Canada",2025-05-27T15:00:00,25.4,25.4,3,23.39,0,0,,0,0,15.1,7.6,191,1024,6,16.3,772,2.8,8,10,Clear,clear-day,"CWVQ,CWIT,CWEW,CWIZ,F8061,CWTA"
"Montr�al, QC, Canada",2025-05-27T16:00:00,25.5,25.5,2.3,22.14,0,0,,0,0,15.1,9.3,200,1023.5,3,16.2,630,2.3,6,10,Clear,clear-day,"CWVQ,CWIT,CWEW,CWIZ,F8061,CWTA"
"Montr�al, QC, Canada",2025-05-27T17:00:00,25.9,25.9,3,22.59,0,0,,0,0,14,5.4,200,1023.3,6,16.3,447,1.6,4,10,Clear,clear-day,"CWVQ,CWIT,CWEW,CWIZ,F8061,CWTA"
"Montr�al, QC, Canada",2025-05-27T18:00:00,25.3,25.3,3.3,24.05,0,0,,0,0,11.2,5.4,210,1022.8,3,16.3,276,1,3,10,Clear,clear-day,"CWVQ,CWIT,CWEW,CWIZ,F8061,CWTA"
"Montr�al, QC, Canada",2025-05-27T19:00:00,24.2,24.2,4.2,27.33,0,0,,0,0,10.8,3.6,230,1022.8,9,16.3,118,0.4,1,10,Clear,clear-day,"CWVQ,CWIT,CWEW,CWIZ,F8061,CWTA"
"Montr�al, QC, Canada",2025-05-27T20:00:00,20.7,20.7,5.5,37,0,0,,0,0,9.4,1.8,280,1022.9,8,16.3,21,0.1,0,10,Clear,clear-day,"CWVQ,CWIT,CWEW,CWIZ,F8061,CWTA"
"Montr�al, QC, Canada",2025-05-27T21:00:00,19.9,19.9,6,40.07,0,0,,0,0,8.6,3.6,290,1023,5,16.3,0,0,0,3,Clear,clear-night,"CWVQ,CWIT,CWEW,CWIZ,F8061,CWTA"
"Montr�al, QC, Canada",2025-05-27T22:00:00,19.3,19.3,5.8,41.08,0,0,,0,0,7.2,3.6,281,1023.1,3,16.3,0,0,0,5,Clear,clear-night,"CWVQ,CWIT,CWEW,CWIZ,F8061,CWTA"
"Montr�al, QC, Canada",2025-05-27T23:00:00,20.2,20.2,3.5,33.15,0,0,,0,0,8.6,3.6,271,1023.1,2,16.3,0,0,0,10,Clear,clear-night,"CWVQ,CWIT,CWEW,CWIZ,F8061,CWTA"
"Montr�al, QC, Canada",2025-05-28T00:00:00,19.1,19.1,3.5,35.51,0,0,,0,0,7.2,3.6,230,1023.1,2,16.3,0,0,0,10,Clear,clear-night,"CWVQ,CWIT,CWEW,CWIZ,F8061,CWTA"
"Montr�al, QC, Canada",2025-05-28T01:00:00,18.4,18.4,4.2,38.93,0,0,,0,0,7.2,5.4,260,1023.1,4,16.3,0,0,0,10,Clear,clear-night,"CWVQ,CWIT,CWEW,CWIZ,F8061,CWTA"
"Montr�al, QC, Canada",2025-05-28T02:00:00,18.1,18.1,5.3,42.81,0,0,,0,0,8.6,7.6,270,1023.1,5,16.3,0,0,0,10,Clear,clear-night,"CWVQ,CWIT,CWEW,CWIZ,F8061,CWTA"
"Montr�al, QC, Canada",2025-05-28T03:00:00,17.2,17.2,5.5,45.94,0,0,,0,0,7.2,11.1,270,1023,2,16.3,0,0,0,10,Clear,clear-night,"CWVQ,CWIT,CWEW,CWIZ,F8061,CWTA"
"Montr�al, QC, Canada",2025-05-28T04:00:00,16.6,16.6,6.8,52.14,0,0,,0,0,7.2,9.3,270,1023.1,3,16.3,0,0,0,10,Clear,clear-night,"CWVQ,CWIT,CWEW,CWIZ,F8061,CWTA"
"Montr�al, QC, Canada",2025-05-28T05:00:00,15.3,15.3,7.1,58.24,0,0,,0,0,7.2,3.6,280,1023.8,4,16.3,2,0,0,10,Clear,clear-night,"CWVQ,CWIT,CWEW,CWIZ,F8061,CWTA"
"Montr�al, QC, Canada",2025-05-28T06:00:00,15.3,15.3,7.4,59.03,0,0,,0,0,5.8,3.6,160,1023.9,5,16.2,38,0.1,0,10,Clear,clear-day,"CWVQ,CWIT,CWEW,CWIZ,F8061,CWTA"
"Montr�al, QC, Canada",2025-05-28T07:00:00,16.9,16.9,7,51.87,0,0,,0,0,5.8,5.4,160,1024.2,3,16.2,213,0.8,2,10,Clear,clear-day,"CWVQ,CWIT,CWEW,CWIZ,F8061,CWTA"
"Montr�al, QC, Canada",2025-05-28T08:00:00,19.1,19.1,7.5,46.74,0,0,,0,0,5.8,1.8,81,1024.3,2,16.2,398,1.4,4,10,Clear,clear-day,"CWVQ,CWIT,CWEW,CWIZ,F8061,CWTA"
"Montr�al, QC, Canada",2025-05-28T09:00:00,20.7,20.7,8.9,46.48,0,0,,0,0,5.8,5.4,120,1024.3,1,16.2,578,2.1,6,10,Clear,clear-day,"CWVQ,CWIT,CWEW,CWIZ,F8061,CWTA"
"Montr�al, QC, Canada",2025-05-28T10:00:00,22.2,22.2,9.7,45,0,0,,0,0,7.2,5.4,160,1024,1,16.3,734,2.6,7,10,Clear,clear-day,"CWVQ,CWIT,CWEW,CWIZ,F8061,CWTA"
"Montr�al, QC, Canada",2025-05-28T11:00:00,23.7,23.7,7.3,34.74,0,0,,0,0,7.2,7.6,160,1023.7,1,16.3,844,3,8,10,Clear,clear-day,"CWVQ,CWIT,CWEW,CWIZ,F8061,CWTA"
"Montr�al, QC, Canada",2025-05-28T12:00:00,24.9,24.9,5.3,28.34,0,0,,0,0,7.9,5.4,160,1023.3,1,16.3,911,3.3,9,10,Clear,clear-day,"CWVQ,CWIT,CWEW,CWIZ,F8061,CWTA"
"Montr�al, QC, Canada",2025-05-28T13:00:00,26.2,26.2,2.9,22.03,0,0,,0,0,9,5.4,210,1022.7,2,16.3,918,3.3,9,10,Clear,clear-day,"CWVQ,CWIT,CWEW,CWIZ,F8061,CWTA"
"Montr�al, QC, Canada",2025-05-28T14:00:00,26.7,26.7,4.2,23.56,0,0,,0,0,10.4,3.6,190,1021.9,2,16.3,875,3.2,9,10,Clear,clear-day,"CWVQ,CWIT,CWEW,CWIZ,F8061,CWTA"
"Montr�al, QC, Canada",2025-05-28T15:00:00,26.4,26.4,2.4,21.14,0,0,,0,0,10.8,7.6,160,1021.2,8,16.3,777,2.8,8,10,Clear,clear-day,"CWVQ,CWIT,CWEW,CWIZ,F8061,CWTA"
"Montr�al, QC, Canada",2025-05-28T16:00:00,26.9,26,1.8,19.67,0,0,,0,0,10.1,5.4,120,1020.5,3,16.3,646,2.3,6,10,Clear,clear-day,"CWVQ,CWIT,CWEW,CWIZ,F8061,CWTA"
"Montr�al, QC, Canada",2025-05-28T17:00:00,26.7,26,2.7,21.09,0,0,,0,0,9.7,3.6,10,1020,14,16.3,351,1.3,4,10,Clear,clear-day,"CWVQ,CWIT,CWEW,CWIZ,F8061,CWTA"
"Montr�al, QC, Canada",2025-05-28T18:00:00,26.8,26,2.4,20.53,0,0,,0,0,8.3,5.4,260,1019.3,23,16.3,240,0.9,2,10,Partially cloudy,partly-cloudy-day,"CWVQ,CWIT,CWEW,CWIZ,F8061,CWTA"
"Montr�al, QC, Canada",2025-05-28T19:00:00,25.7,25.7,3.8,24.19,0,0,,0,0,7.2,3.6,200,1019.1,40,16.3,132,0.5,1,10,Partially cloudy,partly-cloudy-day,"CWVQ,CWIT,CWEW,CWIZ,F8061,CWTA"
"Montr�al, QC, Canada",2025-05-28T20:00:00,22.9,22.9,6,33.37,0,0,,0,0,6.8,3.6,241,1019.1,35,16.3,30,0.1,0,10,Partially cloudy,partly-cloudy-day,"CWVQ,CWIT,CWEW,CWIZ,F8061,CWTA"
"Montr�al, QC, Canada",2025-05-28T21:00:00,20.9,20.9,6,37.74,0,0,,0,0,6.5,3.6,241,1018.8,35,16.3,0,0,0,10,Partially cloudy,partly-cloudy-night,"CWVQ,CWIT,CWEW,CWIZ,F8061,CWTA"
"Montr�al, QC, Canada",2025-05-28T22:00:00,20.8,20.8,6.3,38.8,0,0,,0,0,6.5,3.6,240,1018.6,24,16.2,0,0,0,10,Partially cloudy,partly-cloudy-night,"CWVQ,CWIT,CWEW,CWIZ,F8061,CWTA"
"Montr�al, QC, Canada",2025-05-28T23:00:00,19.8,19.8,6.2,40.99,0,0,,0,0,7.9,3.6,212,1018.1,38,16.2,0,0,0,10,Partially cloudy,partly-cloudy-night,"CWVQ,CWIT,CWEW,CWIZ,F8061,CWTA"
"Montr�al, QC, Canada",2025-05-29T00:00:00,20.3,20.3,5.4,37.64,0,0,,0,0,9,3.6,210,1017.6,59,16.2,0,0,0,10,Partially cloudy,partly-cloudy-night,"CWVQ,CWIT,CWEW,CWIZ,F8061,CWTA"
"Montr�al, QC, Canada",2025-05-29T01:00:00,20.8,20.8,5.3,36.25,0,0,,0,0,10.4,5.4,191,1017.5,49,16.3,0,0,0,10,Partially cloudy,partly-cloudy-night,"CWVQ,CWIT,CWEW,CWIZ,F8061,CWTA"
"Montr�al, QC, Canada",2025-05-29T02:00:00,18.8,18.8,9.4,54.19,0,0,,0,0,31.7,9.4,190,1017.5,61,16.3,0,0,0,10,Partially cloudy,partly-cloudy-night,"CWVQ,CWIT,CWEW,CWIZ,F8061,CWTA"
"Montr�al, QC, Canada",2025-05-29T03:00:00,17.3,17.3,11.1,67.01,0,0,,0,0,27.7,7.6,180,1017.3,84,16.3,0,0,0,10,Partially cloudy,partly-cloudy-night,"CWVQ,CWIT,CWEW,CWIZ,F8061,CWTA"
"Montr�al, QC, Canada",2025-05-29T04:00:00,16.9,16.9,10.7,66.92,0,0,,0,0,13,7.6,170,1017.2,77,16.3,0,0,0,10,Partially cloudy,partly-cloudy-night,"CWVQ,CWIT,CWEW,CWIZ,F8061,CWTA"
"Montr�al, QC, Canada",2025-05-29T05:00:00,16.4,16.4,10.8,69.54,0,0,,0,0,14.8,5.4,168,1017.4,83,16.3,2,0,0,10,Partially cloudy,partly-cloudy-night,"CWVQ,CWIT,CWEW,CWIZ,F8061,CWTA"
"Montr�al, QC, Canada",2025-05-29T06:00:00,16.2,16.2,11.2,72.31,0,0,,0,0,14.4,5.4,169,1017.5,95,16.2,42,0.2,0,10,Overcast,cloudy,"CWVQ,CWIT,CWEW,CWIZ,F8061,CWTA"
"Montr�al, QC, Canada",2025-05-29T07:00:00,16.3,16.3,11.2,71.37,0,0,,0,0,14.4,7.6,180,1017.5,86,16.2,101,0.4,1,10,Partially cloudy,partly-cloudy-day,"CWVQ,CWIT,CWEW,CWIZ,F8061,CWTA"
"Montr�al, QC, Canada",2025-05-29T08:00:00,16.9,16.9,11,67.81,0,0,,0,0,15.8,5.4,180,1017.3,88,16.2,203,0.7,2,10,Partially cloudy,partly-cloudy-day,"CWVQ,CWIT,CWEW,CWIZ,F8061,CWTA"
"Montr�al, QC, Canada",2025-05-29T09:00:00,17.3,17.3,11,66.11,0,0,,0,0,15.8,3.6,180,1016.7,86,16.2,134,0.5,1,10,Partially cloudy,partly-cloudy-day,"CWVQ,CWIT,CWEW,CWIZ,F8061,CWTA"
"Montr�al, QC, Canada",2025-05-29T10:00:00,18.2,18.2,11.4,64.53,0,0,,0,0,15.8,7.5,190,1016.2,84,16.3,316,1.1,3,10,Partially cloudy,partly-cloudy-day,"CWVQ,CWIT,CWEW,F8061,CWTA"
"Montr�al, QC, Canada",2025-05-29T11:00:00,18.3,18.3,10.9,61.67,0,0,,0,0,15.8,7.6,191,1015.7,88,16.3,272,1,3,10,Partially cloudy,partly-cloudy-day,"CWVQ,CWIT,CWEW,F8061,CWTA"
"Montr�al, QC, Canada",2025-05-29T12:00:00,17.9,17.9,12,67.98,0,0,,0,0,17.3,5.4,190,1015.1,85,16.3,257,0.9,3,10,Partially cloudy,partly-cloudy-day,"CWVQ,CWIT,CWEW,CWIZ,F8061,CWTA"
"Montr�al, QC, Canada",2025-05-29T13:00:00,17.3,17.3,13.3,77.82,0,0,,0,0,16.6,3.6,330,1014.1,88,16.3,150,0.5,2,10,Partially cloudy,partly-cloudy-day,"CWVQ,CWIT,CWEW,CWIZ,F8061,CWTA"
"Montr�al, QC, Canada",2025-05-29T14:00:00,18.2,18.2,12.9,71.22,0.001,100,rain,0,0,16.6,1.8,319,1013,85,16.3,350,1.3,4,10,"Rain, Partially cloudy",rain,"CWVQ,CWIT,CWEW,CWIZ,F8061,CWTA"
"Montr�al, QC, Canada",2025-05-29T15:00:00,19.1,19.1,11.9,62.69,0,0,,0,0,16.2,5.4,111,1012.2,81,16.3,416,1.5,4,10,Partially cloudy,partly-cloudy-day,"CWVQ,CWIT,CWEW,CWIZ,F8061,CWTA"
"Montr�al, QC, Canada",2025-05-29T16:00:00,18.7,18.7,11.4,62.19,0,0,,0,0,16.2,3.7,249,1011.5,72,14.5,305,1.1,3,10,Partially cloudy,partly-cloudy-day,"CWVQ,CWIT,CWEW,CWIZ,F8061,CWTA"
"Montr�al, QC, Canada",2025-05-29T17:00:00,17.9,17.9,13,73.04,0,0,,0,0,16.6,0.1,359,1010.8,79,14.5,162,0.6,2,10,Partially cloudy,partly-cloudy-day,"CWVQ,CWIT,CWEW,CWIZ,F8061,CWTA"
"Montr�al, QC, Canada",2025-05-29T18:00:00,17.9,17.9,13.3,74.49,0,0,,0,0,15.5,1.9,220,1010.2,77,11.2,54,0.2,1,10,Partially cloudy,partly-cloudy-day,"CWVQ,CWIT,CWEW,CWIZ,F8061,CWTA"
"Montr�al, QC, Canada",2025-05-29T19:00:00,17,17,13.9,82.49,0,0,,0,0,14,0.1,359,1009.8,66,12.7,46,0.2,0,10,Partially cloudy,partly-cloudy-day,"CWVQ,CWIT,CWEW,CWIZ,F8061,CWTA"
"Montr�al, QC, Canada",2025-05-29T20:00:00,16.8,16.8,13.4,79.89,0,0,,0,0,40.7,0.1,359,1009.3,68,11.2,35,0.1,0,10,Partially cloudy,partly-cloudy-day,"CWVQ,CWIT,CWEW,CWIZ,F8061,CWTA"
"Montr�al, QC, Canada",2025-05-29T21:00:00,16.1,16.1,13,81.39,0,0,,0,0,14.8,4,171,1008.9,67,11.2,3,0,0,10,Partially cloudy,partly-cloudy-night,"CWVQ,CWIT,CWEW,CWIZ,F8061,CWTA"
"Montr�al, QC, Canada",2025-05-29T22:00:00,15.9,15.9,13,82.44,0,0,,0,0,183.6,5.7,160,1008.5,74,16.3,0,0,0,10,Partially cloudy,partly-cloudy-night,"CWVQ,CWIT,CWEW,CWIZ,F8061,CWTA"
"Montr�al, QC, Canada",2025-05-29T23:00:00,16.4,16.4,12.9,79.32,0,0,,0,0,148.3,3.8,170,1007.9,78,14.5,0,0,0,10,Partially cloudy,partly-cloudy-night,"CWVQ,CWIT,CWEW,CWIZ,F8061,CWTA"
"Montr�al, QC, Canada",2025-05-30T00:00:00,16.2,16.2,12.4,77.76,0,0,,0,0,183.6,0.3,359,1007,75,14.5,0,0,0,10,Partially cloudy,partly-cloudy-night,"CWVQ,CWIT,CWEW,CWIZ,F8061,CWTA"
"Montr�al, QC, Canada",2025-05-30T01:00:00,15.8,15.8,12.3,79.25,0,0,,0,0,142.6,5.7,190,1006.5,65,16.3,0,0,0,10,Partially cloudy,partly-cloudy-night,"CWVQ,CWIT,CWEW,CWIZ,F8061,CWTA"
"Montr�al, QC, Canada",2025-05-30T02:00:00,15.6,15.6,12.4,80.78,0,0,,0,0,179.6,5.7,180,1005.9,55,16.3,0,0,0,10,Partially cloudy,partly-cloudy-night,"CWVQ,CWIT,CWEW,CWIZ,F8061,CWTA"
"Montr�al, QC, Canada",2025-05-30T03:00:00,15.3,15.3,11.5,77.66,0,0,,0,0,159.5,0.3,359,1005.2,58,16.3,0,0,0,10,Partially cloudy,partly-cloudy-night,"CWVQ,CWIT,CWEW,CWIZ,F8061,CWTA"
"Montr�al, QC, Canada",2025-05-30T04:00:00,15.1,15.1,11.5,78.64,0,0,,0,0,129.6,7.8,170,1004.8,74,16.3,0,0,0,10,Partially cloudy,partly-cloudy-night,"CWVQ,CWIT,CWEW,CWIZ,F8061,CWTA"
"Montr�al, QC, Canada",2025-05-30T05:00:00,14.9,14.9,12.6,86.15,0,0,,0,0,153.7,5.6,190,1004.5,87,16.3,1,0,0,10,Partially cloudy,partly-cloudy-night,"CWVQ,CWIT,CWEW,CWIZ,F8061,CWTA"
"Montr�al, QC, Canada",2025-05-30T06:00:00,14.9,14.9,12,82.3,0,0,,0,0,135.4,5.7,180,1004,82,16.2,17,0.1,0,10,Partially cloudy,partly-cloudy-day,"CWVQ,CWIT,CWEW,CWIZ,F8061,CWTA"
"Montr�al, QC, Canada",2025-05-30T07:00:00,14.9,14.9,11.5,79.64,0,0,,0,0,137.2,5.6,180,1003.8,79,16.3,75,0.3,1,10,Partially cloudy,partly-cloudy-day,"CWVQ,CWIT,CWEW,CWIZ,F8061,CWTA"
"Montr�al, QC, Canada",2025-05-30T08:00:00,14.5,14.5,12.7,88.9,0,0,,0,0,122.4,3.8,190,1003.5,88,16.2,193,0.7,2,10,Partially cloudy,partly-cloudy-day,"CWVQ,CWIT,CWEW,CWIZ,F8061,CWTA"
"Montr�al, QC, Canada",2025-05-30T09:00:00,16,16,12.9,82.34,0,0,,0,0,183.6,5.6,180,1003.3,83,16.2,249,0.9,2,10,Partially cloudy,partly-cloudy-day,"CWVQ,CWIT,CWEW,CWIZ,F8061,CWTA"
"Montr�al, QC, Canada",2025-05-30T10:00:00,17.3,17.3,12.9,75.38,0,0,,0,0,183.6,5.6,180,1002.6,75,16.2,644,2.3,6,10,Partially cloudy,partly-cloudy-day,"CWVQ,CWIT,CWEW,CWIZ,F8061,CWTA"
"Montr�al, QC, Canada",2025-05-30T11:00:00,17.8,17.8,11.5,66.25,0,0,,0,0,146.5,9.6,170,1002.3,55,16.2,679,2.4,7,10,Partially cloudy,partly-cloudy-day,"CWVQ,CWIT,CWEW,CWIZ,F8061,CWTA"
"Montr�al, QC, Canada",2025-05-30T12:00:00,18.1,18.1,12.2,68.02,0,0,,0,0,85.6,11.3,190,1002,48,16.2,765,2.8,8,10,Partially cloudy,partly-cloudy-day,"CWVQ,CWIT,CWEW,CWIZ,F8061,CWTA"
"Montr�al, QC, Canada",2025-05-30T13:00:00,19.3,19.3,12.4,63.95,0,0,,0,0,29.5,7.9,210,1001,46,16.2,815,2.9,8,10,Partially cloudy,partly-cloudy-day,"CWVQ,CWIT,CWEW,CWIZ,F8061,CWTA"
"Montr�al, QC, Canada",2025-05-30T14:00:00,20,20,12,59.99,0,0,,0,0,85.1,3.8,260,1000.3,36,16.2,660,2.4,7,10,Partially cloudy,partly-cloudy-day,"CWVQ,CWIT,CWEW,CWIZ,F8061,CWTA"
"Montr�al, QC, Canada",2025-05-30T15:00:00,20.6,20.6,10.9,53.47,0,0,,0,0,29.5,3.7,168,999.7,29,16.2,730,2.6,7,10,Partially cloudy,partly-cloudy-day,"CWVQ,CWIT,CWEW,CWIZ,F8061,CWTA"
"Montr�al, QC, Canada",2025-05-30T16:00:00,21.3,21.3,11.4,52.92,0,0,,0,0,24.5,7.7,181,998.8,40,16.3,677,2.4,7,10,Partially cloudy,partly-cloudy-day,"CWVQ,CWIT,CWEW,CWIZ,F8061,CWTA"
"Montr�al, QC, Canada",2025-05-30T17:00:00,21.3,21.3,10.6,50.8,0,0,,0,0,23.4,9.4,190,998.2,35,16.3,507,1.8,5,10,Partially cloudy,partly-cloudy-day,"CWVQ,CWIT,CWEW,F8061,CWTA"
"Montr�al, QC, Canada",2025-05-30T18:00:00,21,21,11.9,56.39,0,0,,0,0,20.2,5.5,210,997.6,36,16.3,301,1.1,3,10,Partially cloudy,partly-cloudy-day,"CWVQ,CWIT,CWEW,CWIZ,F8061,CWTA"
"Montr�al, QC, Canada",2025-05-30T19:00:00,20.7,20.7,11.4,54.9,0,0,,0,0,15.8,0.1,359,997.1,60,16.2,122,0.4,1,10,Partially cloudy,partly-cloudy-day,"CWVQ,CWIT,CWEW,CWIZ,F8061,CWTA"
"Montr�al, QC, Canada",2025-05-30T20:00:00,19.7,19.7,12,60.75,0,0,,0,0,13.3,0.1,359,997.2,69,16.2,37,0.1,0,10,Partially cloudy,partly-cloudy-day,"CWVQ,CWIT,CWEW,CWIZ,F8061,CWTA"
"Montr�al, QC, Canada",2025-05-30T21:00:00,18.9,18.9,11.8,63.05,0,0,,0,0,11.5,0.1,359,996.7,69,16.2,2,0,0,10,Partially cloudy,partly-cloudy-night,"CWVQ,CWIT,CWEW,CWIZ,F8061,CWTA"
"Montr�al, QC, Canada",2025-05-30T22:00:00,17.9,17.9,12.2,69.34,0,0,,0,0,10.1,0,360,996.6,85,16.3,0,0,0,10,Partially cloudy,partly-cloudy-night,"CWVQ,CWIT,CWEW,F8061,CWTA"
"Montr�al, QC, Canada",2025-05-30T23:00:00,18.2,18.2,12.6,69.89,0,0,,0,0,9.7,0.1,359,996.1,84,16.3,0,0,0,10,Partially cloudy,partly-cloudy-night,"CWVQ,CWIT,CWEW,CWIZ,F8061,CWTA"
